"id","date","confirmed","deaths","recovered","tests","vaccines","people_vaccinated","people_fully_vaccinated","hosp","icu","vent","school_closing","workplace_closing","cancel_events","gatherings_restrictions","transport_closing","stay_home_restrictions","internal_movement_restrictions","international_movement_restrictions","information_campaigns","testing_policy","contact_tracing","facial_coverings","vaccination_policy","elderly_people_protection","government_response_index","stringency_index","containment_health_index","economic_support_index","administrative_area_level","administrative_area_level_1","administrative_area_level_2","administrative_area_level_3","latitude","longitude","population","iso_alpha_3","iso_alpha_2","iso_numeric","iso_currency","key_local","key_google_mobility","key_apple_mobility","key_jhu_csse","key_nuts","key_gadm"
"59d3b85f",2021-03-31,12761601,322005,11181371,42090429,23462039,18154233,5307991,NA,NA,NA,-3,-3,-2,-4,-1,-3,-2,1,2,1,0,4,3,1,55.57,70.83,61.73,12.5,1,"Brazil",NA,NA,-14.235,-51.9253,209469333,"BRA","BR",76,"BRL",NA,"ChIJzyjM68dZnAARYz4p8gYVWik","Brazil","BR",NA,"BRA"
"59d3b85f",2021-04-01,12849360,325657,11240213,42168722,24479157,19025672,5453667,NA,NA,NA,-3,-3,-2,-4,-1,-3,-2,1,2,1,0,4,3,1,55.57,70.83,61.73,12.5,1,"Brazil",NA,NA,-14.235,-51.9253,209469333,"BRA","BR",76,"BRL",NA,"ChIJzyjM68dZnAARYz4p8gYVWik","Brazil","BR",NA,"BRA"
"59d3b85f",2021-04-02,12918731,328458,11280022,42240982,24786361,19294023,5492526,NA,NA,NA,-3,-3,-2,-4,-1,-3,-2,1,2,1,0,4,3,1,55.57,70.83,61.73,12.5,1,"Brazil",NA,NA,-14.235,-51.9253,209469333,"BRA","BR",76,"BRL",NA,"ChIJzyjM68dZnAARYz4p8gYVWik","Brazil","BR",NA,"BRA"
"59d3b85f",2021-04-03,12958081,330367,11327510,42250568,25138258,19586701,5551748,NA,NA,NA,-3,-3,-2,-4,-1,-3,-2,1,2,1,0,4,3,1,55.57,70.83,61.73,12.5,1,"Brazil",NA,NA,-14.235,-51.9253,209469333,"BRA","BR",76,"BRL",NA,"ChIJzyjM68dZnAARYz4p8gYVWik","Brazil","BR",NA,"BRA"
"59d3b85f",2021-04-04,12990395,331609,11366672,42290951,25467456,19869827,5597813,NA,NA,NA,-3,-3,-2,-4,-1,-3,-2,1,2,1,0,4,3,1,55.57,70.83,61.73,12.5,1,"Brazil",NA,NA,-14.235,-51.9253,209469333,"BRA","BR",76,"BRL",NA,"ChIJzyjM68dZnAARYz4p8gYVWik","Brazil","BR",NA,"BRA"
"59d3b85f",2021-04-05,13033060,333518,11405558,42349570,26258321,20428184,5830325,NA,NA,NA,-3,-3,-2,-4,-1,-3,-2,1,2,1,0,4,3,1,55.57,70.83,61.73,12.5,1,"Brazil",NA,NA,-14.235,-51.9253,209469333,"BRA","BR",76,"BRL",NA,"ChIJzyjM68dZnAARYz4p8gYVWik","Brazil","BR",NA,"BRA"
"59d3b85f",2021-04-06,13118180,337583,11459548,42419408,27266922,21165343,6101794,NA,NA,NA,-3,-3,-2,-4,-1,-3,-2,1,2,1,0,4,3,1,55.57,70.83,61.73,12.5,1,"Brazil",NA,NA,-14.235,-51.9253,209469333,"BRA","BR",76,"BRL",NA,"ChIJzyjM68dZnAARYz4p8gYVWik","Brazil","BR",NA,"BRA"
"59d3b85f",2021-04-07,13206856,341254,11610627,42591815,28114997,21807264,6307931,NA,NA,NA,-3,-3,-2,-4,-1,-3,-2,1,2,1,0,4,3,1,55.57,70.83,61.73,12.5,1,"Brazil",NA,NA,-14.235,-51.9253,209469333,"BRA","BR",76,"BRL",NA,"ChIJzyjM68dZnAARYz4p8gYVWik","Brazil","BR",NA,"BRA"
"59d3b85f",2021-04-08,13295394,345400,11668734,42676465,29086366,22486309,6600246,NA,NA,NA,-3,-3,-2,-4,-1,-3,-2,1,2,1,0,4,3,1,55.57,70.83,61.73,12.5,1,"Brazil",NA,NA,-14.235,-51.9253,209469333,"BRA","BR",76,"BRL",NA,"ChIJzyjM68dZnAARYz4p8gYVWik","Brazil","BR",NA,"BRA"
"59d3b85f",2021-04-09,13383491,349151,11725248,42741642,30015214,22923295,7092093,NA,NA,NA,-3,-3,-2,-4,-1,-3,-2,1,2,1,0,4,3,1,55.57,70.83,61.73,12.5,1,"Brazil",NA,NA,-14.235,-51.9253,209469333,"BRA","BR",76,"BRL",NA,"ChIJzyjM68dZnAARYz4p8gYVWik","Brazil","BR",NA,"BRA"
"59d3b85f",2021-04-10,13450028,351529,11739649,42741642,30565292,23335871,7229591,NA,NA,NA,-3,-3,-2,-4,-1,-3,-2,1,2,1,0,4,3,1,55.57,70.83,61.73,12.5,1,"Brazil",NA,NA,-14.235,-51.9253,209469333,"BRA","BR",76,"BRL",NA,"ChIJzyjM68dZnAARYz4p8gYVWik","Brazil","BR",NA,"BRA"
"59d3b85f",2021-04-11,13489201,353386,11878958,42839236,30832970,23536441,7296694,NA,NA,NA,-3,-3,-2,-4,-1,-3,-2,1,2,1,0,4,3,1,55.57,70.83,61.73,12.5,1,"Brazil",NA,NA,-14.235,-51.9253,209469333,"BRA","BR",76,"BRL",NA,"ChIJzyjM68dZnAARYz4p8gYVWik","Brazil","BR",NA,"BRA"
"59d3b85f",2021-04-12,13528841,355095,11897429,42869592,31845203,24188418,7656937,NA,NA,NA,-3,-3,-2,-4,-1,-3,-2,1,2,1,0,4,3,1,55.57,70.83,61.73,12.5,1,"Brazil",NA,NA,-14.235,-51.9253,209469333,"BRA","BR",76,"BRL",NA,"ChIJzyjM68dZnAARYz4p8gYVWik","Brazil","BR",NA,"BRA"
"59d3b85f",2021-04-13,13611481,358849,12004591,42964671,32740774,24750322,7990582,NA,NA,NA,-3,-3,-2,-4,-1,-3,-2,1,2,1,0,4,3,1,55.57,70.83,61.73,12.5,1,"Brazil",NA,NA,-14.235,-51.9253,209469333,"BRA","BR",76,"BRL",NA,"ChIJzyjM68dZnAARYz4p8gYVWik","Brazil","BR",NA,"BRA"
"59d3b85f",2021-04-14,13686065,362293,12052283,42986801,33673336,25282263,8391174,NA,NA,NA,-3,-3,-2,-4,-1,-3,-2,1,2,1,0,4,3,1,55.57,70.83,61.73,12.5,1,"Brazil",NA,NA,-14.235,-51.9253,209469333,"BRA","BR",76,"BRL",NA,"ChIJzyjM68dZnAARYz4p8gYVWik","Brazil","BR",NA,"BRA"
"59d3b85f",2021-04-15,13757241,365784,12123308,43050813,34575286,25758653,8816709,NA,NA,NA,-3,-3,-2,-4,-1,-3,-2,1,2,1,0,4,3,1,55.57,70.83,61.73,12.5,1,"Brazil",NA,NA,-14.235,-51.9253,209469333,"BRA","BR",76,"BRL",NA,"ChIJzyjM68dZnAARYz4p8gYVWik","Brazil","BR",NA,"BRA"
"59d3b85f",2021-04-16,13841615,369121,12173458,43152651,35539258,26078226,9461077,NA,NA,NA,-3,-3,-2,-4,-1,-3,-2,1,2,1,0,4,3,1,55.57,70.83,61.73,12.5,1,"Brazil",NA,NA,-14.235,-51.9253,209469333,"BRA","BR",76,"BRL",NA,"ChIJzyjM68dZnAARYz4p8gYVWik","Brazil","BR",NA,"BRA"
"59d3b85f",2021-04-17,13910170,371998,12212890,43172148,36050980,26306857,9744158,NA,NA,NA,-3,-3,-2,-4,-1,-3,-2,1,2,1,0,4,3,1,55.57,70.83,61.73,12.5,1,"Brazil",NA,NA,-14.235,-51.9253,209469333,"BRA","BR",76,"BRL",NA,"ChIJzyjM68dZnAARYz4p8gYVWik","Brazil","BR",NA,"BRA"
"59d3b85f",2021-04-18,13949004,373519,12303538,43239204,36237738,26420996,9816772,NA,NA,NA,-3,-3,-2,-4,-1,-3,-2,1,2,1,0,4,3,1,55.57,70.83,61.73,12.5,1,"Brazil",NA,NA,-14.235,-51.9253,209469333,"BRA","BR",76,"BRL",NA,"ChIJzyjM68dZnAARYz4p8gYVWik","Brazil","BR",NA,"BRA"
"59d3b85f",2021-04-19,13985511,375275,12346828,43246224,37259816,26887634,10372174,NA,NA,NA,-2,-3,-2,-4,-1,-2,-2,1,2,1,0,4,3,1,51.41,63.43,56.96,12.5,1,"Brazil",NA,NA,-14.235,-51.9253,209469333,"BRA","BR",76,"BRL",NA,"ChIJzyjM68dZnAARYz4p8gYVWik","Brazil","BR",NA,"BRA"
"59d3b85f",2021-04-20,14058139,378620,12425791,43364614,38249917,27379511,10870355,NA,NA,NA,-2,-3,-2,-3,-1,-2,-2,1,2,1,0,4,3,1,49.84,60.65,55.18,12.5,1,"Brazil",NA,NA,-14.235,-51.9253,209469333,"BRA","BR",76,"BRL",NA,"ChIJzyjM68dZnAARYz4p8gYVWik","Brazil","BR",NA,"BRA"
"59d3b85f",2021-04-21,14132121,381816,12436210,43385777,38819448,27744607,11074771,NA,NA,NA,-2,-3,-2,-3,-1,-2,-2,1,2,1,0,4,3,1,49.84,60.65,55.18,12.5,1,"Brazil",NA,NA,-14.235,-51.9253,209469333,"BRA","BR",76,"BRL",NA,"ChIJzyjM68dZnAARYz4p8gYVWik","Brazil","BR",NA,"BRA"
"59d3b85f",2021-04-22,14180222,383867,12530970,43486715,39665854,28120574,11545171,NA,NA,NA,-2,-3,-2,-3,-1,-2,-2,1,2,1,0,4,3,1,49.84,60.65,55.18,12.5,1,"Brazil",NA,NA,-14.235,-51.9253,209469333,"BRA","BR",76,"BRL",NA,"ChIJzyjM68dZnAARYz4p8gYVWik","Brazil","BR",NA,"BRA"
"59d3b85f",2021-04-23,14249499,386909,12593957,43538104,41486233,29040479,12445615,NA,NA,NA,-2,-3,-2,-3,-1,-2,-2,1,2,1,0,4,3,1,49.84,60.65,55.18,12.5,1,"Brazil",NA,NA,-14.235,-51.9253,209469333,"BRA","BR",76,"BRL",NA,"ChIJzyjM68dZnAARYz4p8gYVWik","Brazil","BR",NA,"BRA"
"59d3b85f",2021-04-24,14313273,389675,12606011,43538104,41890056,29225608,12664296,NA,NA,NA,-2,-3,-2,-3,-1,-2,-2,1,2,1,0,4,3,1,49.84,60.65,55.18,12.5,1,"Brazil",NA,NA,-14.235,-51.9253,209469333,"BRA","BR",76,"BRL",NA,"ChIJzyjM68dZnAARYz4p8gYVWik","Brazil","BR",NA,"BRA"
"59d3b85f",2021-04-25,14346912,391009,12614559,43539837,42009056,29278182,12730718,NA,NA,NA,-2,-3,-2,-3,-1,-2,-2,1,2,1,0,4,3,1,49.84,60.65,55.18,12.5,1,"Brazil",NA,NA,-14.235,-51.9253,209469333,"BRA","BR",76,"BRL",NA,"ChIJzyjM68dZnAARYz4p8gYVWik","Brazil","BR",NA,"BRA"
"59d3b85f",2021-04-26,14379299,392389,12707500,43559085,43156112,29818265,13337661,NA,NA,NA,-2,-3,-2,-3,-1,-2,-2,1,2,1,0,4,3,1,49.84,60.65,55.18,12.5,1,"Brazil",NA,NA,-14.235,-51.9253,209469333,"BRA","BR",76,"BRL",NA,"ChIJzyjM68dZnAARYz4p8gYVWik","Brazil","BR",NA,"BRA"
"59d3b85f",2021-04-27,14455126,395470,12816963,43748615,44638850,30474157,14164487,NA,NA,NA,-2,-3,-2,-3,-1,-2,-2,1,2,1,0,4,3,1,49.84,60.65,55.18,12.5,1,"Brazil",NA,NA,-14.235,-51.9253,209469333,"BRA","BR",76,"BRL",NA,"ChIJzyjM68dZnAARYz4p8gYVWik","Brazil","BR",NA,"BRA"
"59d3b85f",2021-04-28,14532394,398477,12854947,43775323,45739105,30954201,14784671,NA,NA,NA,-2,-3,-2,-3,-1,-2,-2,1,2,1,0,4,3,1,49.84,60.65,55.18,12.5,1,"Brazil",NA,NA,-14.235,-51.9253,209469333,"BRA","BR",76,"BRL",NA,"ChIJzyjM68dZnAARYz4p8gYVWik","Brazil","BR",NA,"BRA"
"59d3b85f",2021-04-29,14600997,401509,12960529,43821152,46815096,31479933,15334909,NA,NA,NA,-2,-3,-2,-3,-1,-2,-2,1,2,1,0,4,3,1,49.84,60.65,55.18,12.5,1,"Brazil",NA,NA,-14.235,-51.9253,209469333,"BRA","BR",76,"BRL",NA,"ChIJzyjM68dZnAARYz4p8gYVWik","Brazil","BR",NA,"BRA"
"59d3b85f",2021-04-30,14672997,404369,13007565,43957543,47767054,31920528,15846254,NA,NA,NA,-2,-3,-2,-3,-1,-2,-2,1,2,1,0,4,3,1,49.84,60.65,55.18,12.5,1,"Brazil",NA,NA,-14.235,-51.9253,209469333,"BRA","BR",76,"BRL",NA,"ChIJzyjM68dZnAARYz4p8gYVWik","Brazil","BR",NA,"BRA"
"59d3b85f",2021-05-01,14731286,406608,13044347,43991474,48019573,32048654,15970647,NA,NA,NA,-2,-3,-2,-3,-1,-2,-2,1,2,1,0,4,3,1,49.84,60.65,55.18,12.5,1,"Brazil",NA,NA,-14.235,-51.9253,209469333,"BRA","BR",76,"BRL",NA,"ChIJzyjM68dZnAARYz4p8gYVWik","Brazil","BR",NA,"BRA"
"59d3b85f",2021-05-02,14760573,407873,13083550,46437617,48232069,32224730,16007067,NA,NA,NA,-2,-3,-2,-3,-1,-2,-2,1,2,1,0,4,3,1,49.84,60.65,55.18,12.5,1,"Brazil",NA,NA,-14.235,-51.9253,209469333,"BRA","BR",76,"BRL",NA,"ChIJzyjM68dZnAARYz4p8gYVWik","Brazil","BR",NA,"BRA"
"59d3b85f",2021-05-03,14799544,408998,13135143,46515675,49116896,32681873,16434751,NA,NA,NA,-2,-2,-2,-3,-1,-2,-2,1,2,1,0,4,3,1,47.76,56.94,52.8,12.5,1,"Brazil",NA,NA,-14.235,-51.9253,209469333,"BRA","BR",76,"BRL",NA,"ChIJzyjM68dZnAARYz4p8gYVWik","Brazil","BR",NA,"BRA"
"59d3b85f",2021-05-04,14869074,411977,13170561,46546245,50152345,33285244,16866808,NA,NA,NA,-2,-2,-2,-3,-1,-2,-2,1,2,1,0,4,3,1,47.76,56.94,52.8,12.5,1,"Brazil",NA,NA,-14.235,-51.9253,209469333,"BRA","BR",76,"BRL",NA,"ChIJzyjM68dZnAARYz4p8gYVWik","Brazil","BR",NA,"BRA"
"59d3b85f",2021-05-05,14945440,414747,13254660,46623449,51198137,33970710,17227108,NA,NA,NA,-2,-2,-2,-3,-1,-2,-2,1,2,1,0,4,3,1,47.76,56.94,52.8,12.5,1,"Brazil",NA,NA,-14.235,-51.9253,209469333,"BRA","BR",76,"BRL",NA,"ChIJzyjM68dZnAARYz4p8gYVWik","Brazil","BR",NA,"BRA"
"59d3b85f",2021-05-06,15017721,417282,13285589,46675867,52407452,34903938,17503175,NA,NA,NA,-2,-2,-2,-3,-1,-2,-2,1,2,1,0,4,3,1,47.76,56.94,52.8,12.5,1,"Brazil",NA,NA,-14.235,-51.9253,209469333,"BRA","BR",76,"BRL",NA,"ChIJzyjM68dZnAARYz4p8gYVWik","Brazil","BR",NA,"BRA"
"59d3b85f",2021-05-07,15094551,419466,13400075,46822608,53376330,35597886,17778096,NA,NA,NA,-2,-2,-2,-3,-1,-2,-2,1,2,1,0,4,3,1,47.76,56.94,52.8,12.5,1,"Brazil",NA,NA,-14.235,-51.9253,209469333,"BRA","BR",76,"BRL",NA,"ChIJzyjM68dZnAARYz4p8gYVWik","Brazil","BR",NA,"BRA"
"59d3b85f",2021-05-08,15156300,421546,13422047,46834128,53668656,35816218,17852059,NA,NA,NA,-2,-2,-2,-3,-1,-2,-2,1,2,1,0,4,3,1,47.76,56.94,52.8,12.5,1,"Brazil",NA,NA,-14.235,-51.9253,209469333,"BRA","BR",76,"BRL",NA,"ChIJzyjM68dZnAARYz4p8gYVWik","Brazil","BR",NA,"BRA"
"59d3b85f",2021-05-09,15189020,422468,13457400,46886139,53750969,35872625,17877964,NA,NA,NA,-2,-2,-2,-3,-1,-2,-2,1,2,1,0,4,3,1,47.76,56.94,52.8,12.5,1,"Brazil",NA,NA,-14.235,-51.9253,209469333,"BRA","BR",76,"BRL",NA,"ChIJzyjM68dZnAARYz4p8gYVWik","Brazil","BR",NA,"BRA"
"59d3b85f",2021-05-10,15225307,423579,13481062,46901500,54708588,36487355,18220836,NA,NA,NA,-2,-2,-2,-3,-1,-2,-2,1,2,1,0,4,3,1,47.76,56.94,52.8,12.5,1,"Brazil",NA,NA,-14.235,-51.9253,209469333,"BRA","BR",76,"BRL",NA,"ChIJzyjM68dZnAARYz4p8gYVWik","Brazil","BR",NA,"BRA"
"59d3b85f",2021-05-11,15295389,425823,13592463,46933781,55594843,37073544,18520884,NA,NA,NA,-2,-2,-2,-3,-1,-2,-2,1,2,1,0,4,3,1,47.76,56.94,52.8,12.5,1,"Brazil",NA,NA,-14.235,-51.9253,209469333,"BRA","BR",76,"BRL",NA,"ChIJzyjM68dZnAARYz4p8gYVWik","Brazil","BR",NA,"BRA"
"59d3b85f",2021-05-12,15371626,428404,13627986,46981303,56616503,37818814,18797260,NA,NA,NA,-2,-2,-2,-3,-1,-2,-2,1,2,1,0,4,3,1,47.76,56.94,52.8,12.5,1,"Brazil",NA,NA,-14.235,-51.9253,209469333,"BRA","BR",76,"BRL",NA,"ChIJzyjM68dZnAARYz4p8gYVWik","Brazil","BR",NA,"BRA"
"59d3b85f",2021-05-13,15451644,430681,13662690,47012314,57284284,38351798,18932042,NA,NA,NA,-2,-2,-2,-3,-1,-2,-2,1,2,1,0,4,3,1,47.76,56.94,52.8,12.5,1,"Brazil",NA,NA,-14.235,-51.9253,209469333,"BRA","BR",76,"BRL",NA,"ChIJzyjM68dZnAARYz4p8gYVWik","Brazil","BR",NA,"BRA"
"59d3b85f",2021-05-14,15529554,432868,13703280,47041452,58066702,38954571,19111668,NA,NA,NA,-2,-2,-2,-3,-1,-2,-2,1,2,1,0,4,3,1,47.76,56.94,52.8,12.5,1,"Brazil",NA,NA,-14.235,-51.9253,209469333,"BRA","BR",76,"BRL",NA,"ChIJzyjM68dZnAARYz4p8gYVWik","Brazil","BR",NA,"BRA"
"59d3b85f",2021-05-15,15596902,434869,13764520,47073060,58408331,39193702,19214161,NA,NA,NA,-2,-3,-2,-3,-1,-2,-2,1,2,1,0,4,3,1,49.84,60.65,55.18,12.5,1,"Brazil",NA,NA,-14.235,-51.9253,209469333,"BRA","BR",76,"BRL",NA,"ChIJzyjM68dZnAARYz4p8gYVWik","Brazil","BR",NA,"BRA"
"59d3b85f",2021-05-16,15634461,435929,13765469,47073060,58670968,39371632,19298861,NA,NA,NA,-2,-3,-2,-3,-1,-2,-2,1,2,1,0,4,3,1,49.84,60.65,55.18,12.5,1,"Brazil",NA,NA,-14.235,-51.9253,209469333,"BRA","BR",76,"BRL",NA,"ChIJzyjM68dZnAARYz4p8gYVWik","Brazil","BR",NA,"BRA"
"59d3b85f",2021-05-17,15670045,437013,13862615,47116589,59528450,39963067,19564885,NA,NA,NA,-2,-3,-2,-3,-1,-2,-2,1,2,1,0,4,3,1,49.84,60.65,55.18,12.5,1,"Brazil",NA,NA,-14.235,-51.9253,209469333,"BRA","BR",76,"BRL",NA,"ChIJzyjM68dZnAARYz4p8gYVWik","Brazil","BR",NA,"BRA"
"59d3b85f",2021-05-18,15744844,439464,13957814,48852865,60394517,40559261,19834738,NA,NA,NA,-2,-3,-2,-3,-1,-2,-2,1,2,1,0,4,3,1,49.84,60.65,55.18,12.5,1,"Brazil",NA,NA,-14.235,-51.9253,209469333,"BRA","BR",76,"BRL",NA,"ChIJzyjM68dZnAARYz4p8gYVWik","Brazil","BR",NA,"BRA"
"59d3b85f",2021-05-19,15825101,441963,14045321,48940425,61169917,41127367,20042009,NA,NA,NA,-2,-3,-2,-3,-1,-2,-2,1,2,1,0,4,3,1,49.84,60.65,55.18,12.5,1,"Brazil",NA,NA,-14.235,-51.9253,209469333,"BRA","BR",76,"BRL",NA,"ChIJzyjM68dZnAARYz4p8gYVWik","Brazil","BR",NA,"BRA"
"59d3b85f",2021-05-20,15908479,444473,14084873,48986473,62141255,41814536,20326169,NA,NA,NA,-2,-3,-2,-3,-1,-2,-2,1,2,1,0,4,3,1,49.84,60.65,55.18,12.5,1,"Brazil",NA,NA,-14.235,-51.9253,209469333,"BRA","BR",76,"BRL",NA,"ChIJzyjM68dZnAARYz4p8gYVWik","Brazil","BR",NA,"BRA"
"59d3b85f",2021-05-21,15985100,446599,14103800,49013934,62980253,42391938,20587746,NA,NA,NA,-2,-3,-2,-3,-1,-2,-2,1,2,1,0,4,3,1,49.84,60.65,55.18,12.5,1,"Brazil",NA,NA,-14.235,-51.9253,209469333,"BRA","BR",76,"BRL",NA,"ChIJzyjM68dZnAARYz4p8gYVWik","Brazil","BR",NA,"BRA"
"59d3b85f",2021-05-22,16052993,448325,14132443,49046902,63320240,42611790,20707875,NA,NA,NA,-2,-3,-2,-3,-1,-2,-2,1,2,1,0,4,3,1,49.84,60.65,55.18,12.5,1,"Brazil",NA,NA,-14.235,-51.9253,209469333,"BRA","BR",76,"BRL",NA,"ChIJzyjM68dZnAARYz4p8gYVWik","Brazil","BR",NA,"BRA"
"59d3b85f",2021-05-23,16091483,449214,14132443,49046902,64131046,43198400,20932067,NA,NA,NA,-2,-3,-2,-3,-1,-2,-2,1,2,1,0,4,3,1,49.84,60.65,55.18,12.5,1,"Brazil",NA,NA,-14.235,-51.9253,209469333,"BRA","BR",76,"BRL",NA,"ChIJzyjM68dZnAARYz4p8gYVWik","Brazil","BR",NA,"BRA"
"59d3b85f",2021-05-24,16128949,450075,14190644,49072172,64949511,43723019,21225901,NA,NA,NA,-2,-3,-2,-3,-1,-2,-2,1,2,1,0,4,4,1,51.09,60.65,56.61,12.5,1,"Brazil",NA,NA,-14.235,-51.9253,209469333,"BRA","BR",76,"BRL",NA,"ChIJzyjM68dZnAARYz4p8gYVWik","Brazil","BR",NA,"BRA"
"59d3b85f",2021-05-25,16202975,452258,14231991,49076549,65756006,44234341,21521064,NA,NA,NA,-2,-3,-2,-3,-1,-2,-2,1,2,1,0,4,4,1,51.09,60.65,56.61,12.5,1,"Brazil",NA,NA,-14.235,-51.9253,209469333,"BRA","BR",76,"BRL",NA,"ChIJzyjM68dZnAARYz4p8gYVWik","Brazil","BR",NA,"BRA"
"59d3b85f",2021-05-26,16283206,454721,14310683,49081279,66498943,44746346,21751979,NA,NA,NA,-2,-3,-2,-3,-1,-2,-2,1,2,1,0,4,4,1,51.09,60.65,56.61,12.5,1,"Brazil",NA,NA,-14.235,-51.9253,209469333,"BRA","BR",76,"BRL",NA,"ChIJzyjM68dZnAARYz4p8gYVWik","Brazil","BR",NA,"BRA"
"59d3b85f",2021-05-27,16347726,456822,14455810,49353004,67192310,45230066,21961608,NA,NA,NA,-2,-3,-2,-3,-2,-2,-2,1,2,1,0,4,4,1,54.22,66.2,60.18,12.5,1,"Brazil",NA,NA,-14.235,-51.9253,209469333,"BRA","BR",76,"BRL",NA,"ChIJzyjM68dZnAARYz4p8gYVWik","Brazil","BR",NA,"BRA"
"59d3b85f",2021-05-28,16401601,459247,14492701,49384362,68215153,46008932,22205577,NA,NA,NA,-2,-3,-2,-3,-2,-2,-2,1,2,1,0,4,4,1,54.22,66.2,60.18,12.5,1,"Brazil",NA,NA,-14.235,-51.9253,209469333,"BRA","BR",76,"BRL",NA,"ChIJzyjM68dZnAARYz4p8gYVWik","Brazil","BR",NA,"BRA"
"59d3b85f",2021-05-29,16477462,461186,14540507,49403998,68589993,46308486,22280858,NA,NA,NA,-2,-3,-2,-3,-2,-2,-2,1,2,1,0,4,4,1,54.22,66.2,60.18,12.5,1,"Brazil",NA,NA,-14.235,-51.9253,209469333,"BRA","BR",76,"BRL",NA,"ChIJzyjM68dZnAARYz4p8gYVWik","Brazil","BR",NA,"BRA"
"59d3b85f",2021-05-30,16518909,462099,14544785,49410095,68700141,46387787,22311702,NA,NA,NA,-2,-3,-2,-3,-2,-2,-2,1,2,1,0,4,4,1,54.22,66.2,60.18,12.5,1,"Brazil",NA,NA,-14.235,-51.9253,209469333,"BRA","BR",76,"BRL",NA,"ChIJzyjM68dZnAARYz4p8gYVWik","Brazil","BR",NA,"BRA"
"59d3b85f",2021-05-31,16555508,463064,14586009,49495703,69477762,47023894,22453204,NA,NA,NA,-2,-3,-2,-3,-2,-2,-2,1,2,1,0,4,4,1,54.22,66.2,60.18,12.5,1,"Brazil",NA,NA,-14.235,-51.9253,209469333,"BRA","BR",76,"BRL",NA,"ChIJzyjM68dZnAARYz4p8gYVWik","Brazil","BR",NA,"BRA"
"59d3b85f",2021-06-01,16634412,465396,14722192,49569793,70293604,47629568,22663351,NA,NA,NA,-2,-3,-2,-3,-2,-2,-2,1,2,1,0,4,4,1,54.22,66.2,60.18,12.5,1,"Brazil",NA,NA,-14.235,-51.9253,209469333,"BRA","BR",76,"BRL",NA,"ChIJzyjM68dZnAARYz4p8gYVWik","Brazil","BR",NA,"BRA"
"59d3b85f",2021-06-02,16730682,467903,14765156,49631233,71535074,48584718,22949675,NA,NA,NA,-2,-3,-2,-3,-2,-2,-2,1,2,1,0,4,4,1,54.22,66.2,60.18,12.5,1,"Brazil",NA,NA,-14.235,-51.9253,209469333,"BRA","BR",76,"BRL",NA,"ChIJzyjM68dZnAARYz4p8gYVWik","Brazil","BR",NA,"BRA"
"59d3b85f",2021-06-03,16806743,469816,14818184,49765330,72082895,49048777,23033430,NA,NA,NA,-2,-3,-2,-3,-2,-2,-2,1,2,1,0,4,4,1,54.22,66.2,60.18,12.5,1,"Brazil",NA,NA,-14.235,-51.9253,209469333,"BRA","BR",76,"BRL",NA,"ChIJzyjM68dZnAARYz4p8gYVWik","Brazil","BR",NA,"BRA"
"59d3b85f",2021-06-04,16849911,471007,14874923,49857892,72784341,49686214,23097437,NA,NA,NA,-2,-3,-2,-3,-2,-2,-2,1,2,1,0,4,4,1,54.22,66.2,60.18,12.5,1,"Brazil",NA,NA,-14.235,-51.9253,209469333,"BRA","BR",76,"BRL",NA,"ChIJzyjM68dZnAARYz4p8gYVWik","Brazil","BR",NA,"BRA"
"59d3b85f",2021-06-05,16911571,472677,14944069,49878944,73375541,50193223,23181622,NA,NA,NA,-2,-3,-2,-3,-2,-2,-2,1,2,1,0,4,4,1,54.22,66.2,60.18,12.5,1,"Brazil",NA,NA,-14.235,-51.9253,209469333,"BRA","BR",76,"BRL",NA,"ChIJzyjM68dZnAARYz4p8gYVWik","Brazil","BR",NA,"BRA"
"59d3b85f",2021-06-06,16951914,473557,15002817,49939952,73598619,50386457,23211459,NA,NA,NA,-2,-3,-2,-3,-2,-2,-2,1,2,1,0,4,4,1,54.22,66.2,60.18,12.5,1,"Brazil",NA,NA,-14.235,-51.9253,209469333,"BRA","BR",76,"BRL",NA,"ChIJzyjM68dZnAARYz4p8gYVWik","Brazil","BR",NA,"BRA"
"59d3b85f",2021-06-07,16991615,474706,15022649,50029606,74403649,51089545,23313389,NA,NA,NA,-2,-3,-2,-3,-1,-2,-2,1,2,1,0,4,4,1,51.09,60.65,56.61,12.5,1,"Brazil",NA,NA,-14.235,-51.9253,209469333,"BRA","BR",76,"BRL",NA,"ChIJzyjM68dZnAARYz4p8gYVWik","Brazil","BR",NA,"BRA"
"59d3b85f",2021-06-08,17047318,477353,15059712,50073330,75697571,52207023,23489830,NA,NA,NA,-2,-3,-2,-3,-1,-2,-2,1,2,1,0,4,4,1,51.09,60.65,56.61,12.5,1,"Brazil",NA,NA,-14.235,-51.9253,209469333,"BRA","BR",76,"BRL",NA,"ChIJzyjM68dZnAARYz4p8gYVWik","Brazil","BR",NA,"BRA"
"59d3b85f",2021-06-09,17132164,479742,15154101,50127012,76897756,53279668,23617354,NA,NA,NA,-2,-3,-2,-3,-1,-2,-2,1,2,1,0,4,4,1,51.09,60.65,56.61,12.5,1,"Brazil",NA,NA,-14.235,-51.9253,209469333,"BRA","BR",76,"BRL",NA,"ChIJzyjM68dZnAARYz4p8gYVWik","Brazil","BR",NA,"BRA"
"59d3b85f",2021-06-10,17223395,482243,15211176,50191122,78038067,54307570,23729812,NA,NA,NA,-2,-3,-2,-3,-1,-2,-2,1,2,1,0,4,4,1,51.09,60.65,56.61,12.5,1,"Brazil",NA,NA,-14.235,-51.9253,209469333,"BRA","BR",76,"BRL",NA,"ChIJzyjM68dZnAARYz4p8gYVWik","Brazil","BR",NA,"BRA"
"59d3b85f",2021-06-11,17309701,484419,15260459,50245852,79309384,55460566,23848108,NA,NA,NA,-2,-3,-2,-3,-1,-2,-2,1,2,1,0,4,4,1,51.09,60.65,56.61,12.5,1,"Brazil",NA,NA,-14.235,-51.9253,209469333,"BRA","BR",76,"BRL",NA,"ChIJzyjM68dZnAARYz4p8gYVWik","Brazil","BR",NA,"BRA"
"59d3b85f",2021-06-12,17383461,486393,15300271,50485241,79971461,56084585,23886158,NA,NA,NA,-2,-3,-2,-3,-1,-2,-2,1,2,1,0,4,4,1,51.09,60.65,56.61,12.5,1,"Brazil",NA,NA,-14.235,-51.9253,209469333,"BRA","BR",76,"BRL",NA,"ChIJzyjM68dZnAARYz4p8gYVWik","Brazil","BR",NA,"BRA"
"59d3b85f",2021-06-13,17420443,487512,15401424,50801841,80315143,56405757,23908668,NA,NA,NA,-2,-3,-2,-3,-1,-2,-2,1,2,1,0,4,4,1,51.09,60.65,56.61,12.5,1,"Brazil",NA,NA,-14.235,-51.9253,209469333,"BRA","BR",76,"BRL",NA,"ChIJzyjM68dZnAARYz4p8gYVWik","Brazil","BR",NA,"BRA"
"59d3b85f",2021-06-14,17463128,488531,15469067,50835875,81451344,57473309,23977301,NA,NA,NA,-2,-3,-2,-3,-1,-2,-2,1,2,1,0,4,4,1,51.09,60.65,56.61,12.5,1,"Brazil",NA,NA,-14.235,-51.9253,209469333,"BRA","BR",76,"BRL",NA,"ChIJzyjM68dZnAARYz4p8gYVWik","Brazil","BR",NA,"BRA"
"59d3b85f",2021-06-15,17550247,491214,15519955,50893819,82844496,58760664,24083137,NA,NA,NA,-2,-3,-2,-3,-1,-2,-2,1,2,1,0,4,4,1,51.09,60.65,56.61,12.5,1,"Brazil",NA,NA,-14.235,-51.9253,209469333,"BRA","BR",76,"BRL",NA,"ChIJzyjM68dZnAARYz4p8gYVWik","Brazil","BR",NA,"BRA"
"59d3b85f",2021-06-16,17636766,493914,15587562,50951461,84227964,60063080,24164234,NA,NA,NA,-2,-3,-2,-3,-1,-2,-2,1,2,1,0,4,4,1,51.09,60.65,56.61,12.5,1,"Brazil",NA,NA,-14.235,-51.9253,209469333,"BRA","BR",76,"BRL",NA,"ChIJzyjM68dZnAARYz4p8gYVWik","Brazil","BR",NA,"BRA"
"59d3b85f",2021-06-17,17713231,496228,15660614,52726489,86524064,62220311,24303259,NA,NA,NA,-2,-3,-2,-3,-1,-2,-2,1,2,1,0,4,4,1,51.09,60.65,56.61,12.5,1,"Brazil",NA,NA,-14.235,-51.9253,209469333,"BRA","BR",76,"BRL",NA,"ChIJzyjM68dZnAARYz4p8gYVWik","Brazil","BR",NA,"BRA"
"59d3b85f",2021-06-18,17808663,498703,15687189,52781423,88278175,63854822,24423016,NA,NA,NA,-2,-3,-2,-3,-1,-2,-2,1,2,1,0,4,4,1,51.09,60.65,56.61,12.5,1,"Brazil",NA,NA,-14.235,-51.9253,209469333,"BRA","BR",76,"BRL",NA,"ChIJzyjM68dZnAARYz4p8gYVWik","Brazil","BR",NA,"BRA"
"59d3b85f",2021-06-19,17886593,500908,15745463,52818761,89242864,64747208,24495471,NA,NA,NA,-2,-3,-2,-3,-1,-2,-2,1,2,1,0,4,4,1,51.09,60.65,56.61,12.5,1,"Brazil",NA,NA,-14.235,-51.9253,209469333,"BRA","BR",76,"BRL",NA,"ChIJzyjM68dZnAARYz4p8gYVWik","Brazil","BR",NA,"BRA"
"59d3b85f",2021-06-20,17931174,501939,15745463,52818761,89696832,65179465,24517192,NA,NA,NA,-2,-3,-2,-3,-1,-2,-2,1,2,1,0,4,4,1,51.09,60.65,56.61,12.5,1,"Brazil",NA,NA,-14.235,-51.9253,209469333,"BRA","BR",76,"BRL",NA,"ChIJzyjM68dZnAARYz4p8gYVWik","Brazil","BR",NA,"BRA"
"59d3b85f",2021-06-21,17976570,502920,15834314,52820657,91139151,66501368,24637770,NA,NA,NA,-2,-3,-2,-3,-1,-2,-2,1,2,1,0,4,4,1,51.09,60.65,56.61,12.5,1,"Brazil",NA,NA,-14.235,-51.9253,209469333,"BRA","BR",76,"BRL",NA,"ChIJzyjM68dZnAARYz4p8gYVWik","Brazil","BR",NA,"BRA"
"59d3b85f",2021-06-22,18100809,505023,15985625,52977109,92512980,67738728,24774524,NA,NA,NA,-2,-3,-2,-3,-1,-2,-2,1,2,1,0,4,4,1,51.09,60.65,56.61,12.5,1,"Brazil",NA,NA,-14.235,-51.9253,209469333,"BRA","BR",76,"BRL",NA,"ChIJzyjM68dZnAARYz4p8gYVWik","Brazil","BR",NA,"BRA"
"59d3b85f",2021-06-23,18178193,507288,16009391,53008201,93928558,68995421,24933733,NA,NA,NA,-2,-3,-2,-3,-1,-2,-2,1,2,1,0,4,4,1,51.09,60.65,56.61,12.5,1,"Brazil",NA,NA,-14.235,-51.9253,209469333,"BRA","BR",76,"BRL",NA,"ChIJzyjM68dZnAARYz4p8gYVWik","Brazil","BR",NA,"BRA"
"59d3b85f",2021-06-24,18254803,509326,16038230,53057848,95488893,70238912,25251060,NA,NA,NA,-2,-3,-2,-3,-1,-2,-2,1,2,1,0,4,4,1,51.09,60.65,56.61,12.5,1,"Brazil",NA,NA,-14.235,-51.9253,209469333,"BRA","BR",76,"BRL",NA,"ChIJzyjM68dZnAARYz4p8gYVWik","Brazil","BR",NA,"BRA"
"59d3b85f",2021-06-25,18329853,511333,16136175,53196856,96957495,71522879,25445946,NA,NA,NA,-2,-3,-2,-3,-1,-2,-2,1,2,1,0,4,4,1,51.09,60.65,56.61,12.5,1,"Brazil",NA,NA,-14.235,-51.9253,209469333,"BRA","BR",76,"BRL",NA,"ChIJzyjM68dZnAARYz4p8gYVWik","Brazil","BR",NA,"BRA"
"59d3b85f",2021-06-26,18390515,512849,16146608,53202943,97725609,72233902,25559481,NA,NA,NA,-2,-3,-2,-3,-1,-2,-2,1,2,1,0,4,4,1,51.09,60.65,56.61,12.5,1,"Brazil",NA,NA,-14.235,-51.9253,209469333,"BRA","BR",76,"BRL",NA,"ChIJzyjM68dZnAARYz4p8gYVWik","Brazil","BR",NA,"BRA"
"59d3b85f",2021-06-27,18422493,513569,16160826,53209627,97990401,72483139,25607077,NA,NA,NA,-2,-3,-2,-3,-1,-2,-2,1,2,1,0,4,4,1,51.09,60.65,56.61,12.5,1,"Brazil",NA,NA,-14.235,-51.9253,209469333,"BRA","BR",76,"BRL",NA,"ChIJzyjM68dZnAARYz4p8gYVWik","Brazil","BR",NA,"BRA"
"59d3b85f",2021-06-28,18454542,514283,16240380,53286135,99124509,73482950,25925409,NA,NA,NA,-2,-3,-2,-3,-1,-2,-2,1,2,1,0,4,4,1,51.09,60.65,56.61,12.5,1,"Brazil",NA,NA,-14.235,-51.9253,209469333,"BRA","BR",76,"BRL",NA,"ChIJzyjM68dZnAARYz4p8gYVWik","Brazil","BR",NA,"BRA"
"59d3b85f",2021-06-29,18520490,516221,16277785,53320295,100989691,75072119,26415555,NA,NA,NA,-2,-3,-2,-3,-1,-2,-2,1,2,1,0,4,4,1,51.09,60.65,56.61,12.5,1,"Brazil",NA,NA,-14.235,-51.9253,209469333,"BRA","BR",76,"BRL",NA,"ChIJzyjM68dZnAARYz4p8gYVWik","Brazil","BR",NA,"BRA"
"59d3b85f",2021-06-30,18567618,518284,16306372,53327474,102377066,76273716,26720042,NA,NA,NA,-2,-3,-2,-3,-1,-2,-2,1,2,1,0,4,4,1,51.09,60.65,56.61,12.5,1,"Brazil",NA,NA,-14.235,-51.9253,209469333,"BRA","BR",76,"BRL",NA,"ChIJzyjM68dZnAARYz4p8gYVWik","Brazil","BR",NA,"BRA"
"59d3b85f",2021-07-01,18628737,520216,16477253,53971507,103749268,77440110,27024317,NA,NA,NA,-2,-3,-2,-3,-1,-2,-2,1,2,1,0,4,4,1,51.09,60.65,56.61,12.5,1,"Brazil",NA,NA,-14.235,-51.9253,209469333,"BRA","BR",76,"BRL",NA,"ChIJzyjM68dZnAARYz4p8gYVWik","Brazil","BR",NA,"BRA"
"59d3b85f",2021-07-02,18692302,522091,16509821,54003112,105249063,78754607,27333463,NA,NA,NA,-2,-3,-2,-3,-1,-2,-2,1,2,1,0,4,4,1,51.09,60.65,56.61,12.5,1,"Brazil",NA,NA,-14.235,-51.9253,209469333,"BRA","BR",76,"BRL",NA,"ChIJzyjM68dZnAARYz4p8gYVWik","Brazil","BR",NA,"BRA"
"59d3b85f",2021-07-03,18746031,523726,16524100,54021950,105935030,79357604,27492731,NA,NA,NA,-2,-3,-2,-3,-1,-2,-2,1,2,1,0,4,4,1,51.09,60.65,56.61,12.5,1,"Brazil",NA,NA,-14.235,-51.9253,209469333,"BRA","BR",76,"BRL",NA,"ChIJzyjM68dZnAARYz4p8gYVWik","Brazil","BR",NA,"BRA"
"59d3b85f",2021-07-04,18771491,524497,16582483,54128041,106269603,79649060,27565342,NA,NA,NA,-2,-3,-2,-3,-1,-2,-2,1,2,1,0,4,4,1,51.09,60.65,56.61,12.5,1,"Brazil",NA,NA,-14.235,-51.9253,209469333,"BRA","BR",76,"BRL",NA,"ChIJzyjM68dZnAARYz4p8gYVWik","Brazil","BR",NA,"BRA"
"59d3b85f",2021-07-05,18799420,525284,16675561,54146861,107778855,80880961,27929588,NA,NA,NA,-2,-3,-2,-3,-1,-2,-2,1,2,1,0,4,4,1,51.09,60.65,56.61,12.5,1,"Brazil",NA,NA,-14.235,-51.9253,209469333,"BRA","BR",76,"BRL",NA,"ChIJzyjM68dZnAARYz4p8gYVWik","Brazil","BR",NA,"BRA"
"59d3b85f",2021-07-06,18861092,527041,16740136,54178005,109341950,82207875,28410156,NA,NA,NA,-2,-3,-2,-3,-1,-2,-2,1,2,1,0,4,4,1,51.09,60.65,56.61,12.5,1,"Brazil",NA,NA,-14.235,-51.9253,209469333,"BRA","BR",76,"BRL",NA,"ChIJzyjM68dZnAARYz4p8gYVWik","Brazil","BR",NA,"BRA"
"59d3b85f",2021-07-07,18915238,528625,16763522,54204686,111114827,83745722,29062033,NA,NA,NA,-2,-2,-2,-3,-1,-2,-2,1,2,1,0,4,4,1,49.01,56.94,54.23,12.5,1,"Brazil",NA,NA,-14.235,-51.9253,209469333,"BRA","BR",76,"BRL",NA,"ChIJzyjM68dZnAARYz4p8gYVWik","Brazil","BR",NA,"BRA"
"59d3b85f",2021-07-08,18969372,530352,16796161,54226282,112753647,85078442,29696044,NA,NA,NA,-2,-2,-2,-3,-1,-2,-2,1,2,1,0,4,4,1,49.01,56.94,54.23,12.5,1,"Brazil",NA,NA,-14.235,-51.9253,209469333,"BRA","BR",76,"BRL",NA,"ChIJzyjM68dZnAARYz4p8gYVWik","Brazil","BR",NA,"BRA"
"59d3b85f",2021-07-09,19027812,531824,16823301,54242687,114164989,86286144,30197778,NA,NA,NA,-2,-2,-2,-3,-1,-2,-2,1,2,1,0,4,4,1,49.01,56.94,54.23,12.5,1,"Brazil",NA,NA,-14.235,-51.9253,209469333,"BRA","BR",76,"BRL",NA,"ChIJzyjM68dZnAARYz4p8gYVWik","Brazil","BR",NA,"BRA"
"59d3b85f",2021-07-10,19071927,532981,16983333,54395937,115102157,87048140,30552332,NA,NA,NA,-2,-2,-2,-3,-1,-2,-2,1,2,1,0,4,4,1,49.01,56.94,54.23,12.5,1,"Brazil",NA,NA,-14.235,-51.9253,209469333,"BRA","BR",76,"BRL",NA,"ChIJzyjM68dZnAARYz4p8gYVWik","Brazil","BR",NA,"BRA"
"59d3b85f",2021-07-11,19091071,533545,17001043,54402249,115509319,87385578,30707130,NA,NA,NA,-2,-2,-2,-3,-1,-2,-2,1,2,1,0,4,4,1,49.01,56.94,54.23,12.5,1,"Brazil",NA,NA,-14.235,-51.9253,209469333,"BRA","BR",76,"BRL",NA,"ChIJzyjM68dZnAARYz4p8gYVWik","Brazil","BR",NA,"BRA"
"59d3b85f",2021-07-12,19110282,534324,17014796,54472957,116823392,88380524,31173238,NA,NA,NA,-2,-2,-2,-3,-1,-2,-2,1,2,1,0,4,4,1,49.01,56.94,54.23,12.5,1,"Brazil",NA,NA,-14.235,-51.9253,209469333,"BRA","BR",76,"BRL",NA,"ChIJzyjM68dZnAARYz4p8gYVWik","Brazil","BR",NA,"BRA"
"59d3b85f",2021-07-13,19158833,535982,17037027,54522599,118299079,89462290,31749991,NA,NA,NA,-2,-2,-2,-3,-1,-2,-2,1,2,1,0,4,4,1,49.01,56.94,54.23,12.5,1,"Brazil",NA,NA,-14.235,-51.9253,209469333,"BRA","BR",76,"BRL",NA,"ChIJzyjM68dZnAARYz4p8gYVWik","Brazil","BR",NA,"BRA"
"59d3b85f",2021-07-14,19214922,537517,17128429,54522599,119852179,90521884,32416009,NA,NA,NA,-2,-2,-2,-3,-1,-2,-2,1,2,1,0,4,4,1,49.01,56.94,54.23,12.5,1,"Brazil",NA,NA,-14.235,-51.9253,209469333,"BRA","BR",76,"BRL",NA,"ChIJzyjM68dZnAARYz4p8gYVWik","Brazil","BR",NA,"BRA"
"59d3b85f",2021-07-15,19269304,539126,17141848,54555012,121360516,91848363,33032536,NA,NA,NA,-2,-2,-2,-3,-1,-2,-2,1,2,1,0,4,4,1,49.01,56.94,54.23,12.5,1,"Brazil",NA,NA,-14.235,-51.9253,209469333,"BRA","BR",76,"BRL",NA,"ChIJzyjM68dZnAARYz4p8gYVWik","Brazil","BR",NA,"BRA"
"59d3b85f",2021-07-16,19312207,540515,17252650,54673618,122880781,92857696,33664323,NA,NA,NA,-2,-2,-2,-3,-1,-2,-2,1,2,1,0,4,4,1,49.01,56.94,54.23,12.5,1,"Brazil",NA,NA,-14.235,-51.9253,209469333,"BRA","BR",76,"BRL",NA,"ChIJzyjM68dZnAARYz4p8gYVWik","Brazil","BR",NA,"BRA"
"59d3b85f",2021-07-17,19361236,541786,17254329,54677459,123823949,93536192,34000932,NA,NA,NA,-2,-2,-2,-3,-1,-2,-2,1,2,1,0,4,4,1,49.01,56.94,54.23,12.5,1,"Brazil",NA,NA,-14.235,-51.9253,209469333,"BRA","BR",76,"BRL",NA,"ChIJzyjM68dZnAARYz4p8gYVWik","Brazil","BR",NA,"BRA"
"59d3b85f",2021-07-18,19377978,542267,17304814,54732334,124060120,93727831,34069812,NA,NA,NA,-2,-2,-2,-3,-1,-2,-2,1,2,1,0,4,4,1,49.01,56.94,54.23,12.5,1,"Brazil",NA,NA,-14.235,-51.9253,209469333,"BRA","BR",76,"BRL",NA,"ChIJzyjM68dZnAARYz4p8gYVWik","Brazil","BR",NA,"BRA"
"59d3b85f",2021-07-19,19394721,542935,17356265,54743490,125702782,94941345,34569671,NA,NA,NA,-2,-2,-2,-3,-1,-2,-2,1,2,1,0,4,4,1,49.01,56.94,54.23,12.5,1,"Brazil",NA,NA,-14.235,-51.9253,209469333,"BRA","BR",76,"BRL",NA,"ChIJzyjM68dZnAARYz4p8gYVWik","Brazil","BR",NA,"BRA"
"59d3b85f",2021-07-20,19425855,544314,17371065,54786381,127635786,96293607,35250759,NA,NA,NA,-2,-2,-2,-3,-1,-2,-2,1,2,1,0,4,4,1,49.01,56.94,54.23,12.5,1,"Brazil",NA,NA,-14.235,-51.9253,209469333,"BRA","BR",76,"BRL",NA,"ChIJzyjM68dZnAARYz4p8gYVWik","Brazil","BR",NA,"BRA"
"59d3b85f",2021-07-21,19481683,545714,17404495,54794279,129547470,97494403,36030715,NA,NA,NA,-2,-2,-2,-3,-1,-2,-2,1,2,1,0,4,4,1,49.01,56.94,54.23,12.5,1,"Brazil",NA,NA,-14.235,-51.9253,209469333,"BRA","BR",76,"BRL",NA,"ChIJzyjM68dZnAARYz4p8gYVWik","Brazil","BR",NA,"BRA"
"59d3b85f",2021-07-22,19530356,547144,17470332,54891331,131531119,98641951,36924660,NA,NA,NA,-2,-2,-2,-3,-1,-2,-2,1,2,1,0,4,4,1,49.01,56.94,54.23,12.5,1,"Brazil",NA,NA,-14.235,-51.9253,209469333,"BRA","BR",76,"BRL",NA,"ChIJzyjM68dZnAARYz4p8gYVWik","Brazil","BR",NA,"BRA"
"59d3b85f",2021-07-23,19637460,548435,17475091,54891331,133350422,100005816,37420452,NA,NA,NA,-2,-2,-2,-3,-1,-2,-2,1,2,1,0,4,4,1,49.01,56.94,54.23,12.5,1,"Brazil",NA,NA,-14.235,-51.9253,209469333,"BRA","BR",76,"BRL",NA,"ChIJzyjM68dZnAARYz4p8gYVWik","Brazil","BR",NA,"BRA"
"59d3b85f",2021-07-24,19672107,549515,17656625,54976702,134286347,100672264,37717348,NA,NA,NA,-2,-2,-2,-3,-1,-2,-2,1,2,1,0,4,4,1,49.01,56.94,54.23,12.5,1,"Brazil",NA,NA,-14.235,-51.9253,209469333,"BRA","BR",76,"BRL",NA,"ChIJzyjM68dZnAARYz4p8gYVWik","Brazil","BR",NA,"BRA"
"59d3b85f",2021-07-25,19690362,549994,17702038,55034463,134597609,100875744,37835630,NA,NA,NA,-2,-2,-2,-3,-1,-2,-2,1,2,1,0,4,4,1,49.01,56.94,54.23,12.5,1,"Brazil",NA,NA,-14.235,-51.9253,209469333,"BRA","BR",76,"BRL",NA,"ChIJzyjM68dZnAARYz4p8gYVWik","Brazil","BR",NA,"BRA"
"59d3b85f",2021-07-26,19711795,550619,17704701,55034721,135997769,101766476,38381654,NA,NA,NA,-2,-2,-2,-3,-1,-2,-2,1,2,1,0,4,4,-1,47.97,56.94,53.04,12.5,1,"Brazil",NA,NA,-14.235,-51.9253,209469333,"BRA","BR",76,"BRL",NA,"ChIJzyjM68dZnAARYz4p8gYVWik","Brazil","BR",NA,"BRA"
"59d3b85f",2021-07-27,19755378,551908,17737677,55034721,137679225,102778787,39086131,NA,NA,NA,-2,-2,-2,-3,-1,-2,-2,1,2,1,0,4,4,-1,47.97,56.94,53.04,12.5,1,"Brazil",NA,NA,-14.235,-51.9253,209469333,"BRA","BR",76,"BRL",NA,"ChIJzyjM68dZnAARYz4p8gYVWik","Brazil","BR",NA,"BRA"
"59d3b85f",2021-07-28,19802418,553280,17742532,55034721,139475829,103777642,39943331,NA,NA,NA,-2,-2,-2,-3,-1,-2,-2,1,2,1,0,4,4,-1,47.97,56.94,53.04,12.5,1,"Brazil",NA,NA,-14.235,-51.9253,209469333,"BRA","BR",76,"BRL",NA,"ChIJzyjM68dZnAARYz4p8gYVWik","Brazil","BR",NA,"BRA"
"59d3b85f",2021-07-29,19843734,554620,17771228,55055559,141037608,104609111,40717488,NA,NA,NA,-2,-2,-2,-3,-1,-2,-2,1,2,1,0,4,4,-1,47.97,56.94,53.04,12.5,1,"Brazil",NA,NA,-14.235,-51.9253,209469333,"BRA","BR",76,"BRL",NA,"ChIJzyjM68dZnAARYz4p8gYVWik","Brazil","BR",NA,"BRA"
"59d3b85f",2021-07-30,19884099,555503,17771228,55055559,142898422,105751178,41468824,NA,NA,NA,-2,-2,-2,-3,-1,-2,-2,1,2,1,0,4,4,-1,47.97,56.94,53.04,12.5,1,"Brazil",NA,NA,-14.235,-51.9253,209469333,"BRA","BR",76,"BRL",NA,"ChIJzyjM68dZnAARYz4p8gYVWik","Brazil","BR",NA,"BRA"
"59d3b85f",2021-07-31,19919182,556452,17771228,55055559,143859924,106348846,41846334,NA,NA,NA,-2,-2,-2,-3,-1,-2,-2,1,2,1,0,4,4,-1,47.97,56.94,53.04,12.5,1,"Brazil",NA,NA,-14.235,-51.9253,209469333,"BRA","BR",76,"BRL",NA,"ChIJzyjM68dZnAARYz4p8gYVWik","Brazil","BR",NA,"BRA"
"59d3b85f",2021-08-01,19939534,556867,17771228,55055559,144158529,106562555,41934713,NA,NA,NA,-2,-2,-2,-3,-1,-2,-2,1,2,1,0,4,4,-1,47.97,56.94,53.04,12.5,1,"Brazil",NA,NA,-14.235,-51.9253,209469333,"BRA","BR",76,"BRL",NA,"ChIJzyjM68dZnAARYz4p8gYVWik","Brazil","BR",NA,"BRA"
"59d3b85f",2021-08-02,19958395,557411,17771228,55055559,145495876,107332005,42528351,NA,NA,NA,-2,-2,-2,-3,-1,-2,-2,1,2,1,0,4,4,-1,47.97,56.94,53.04,12.5,1,"Brazil",NA,NA,-14.235,-51.9253,209469333,"BRA","BR",76,"BRL",NA,"ChIJzyjM68dZnAARYz4p8gYVWik","Brazil","BR",NA,"BRA"
"59d3b85f",2021-08-03,19990874,558647,17771228,55055559,147237310,108457020,43165322,NA,NA,NA,-2,-2,-1,-3,-1,-2,-2,1,2,1,0,4,4,-1,44.84,51.39,49.46,12.5,1,"Brazil",NA,NA,-14.235,-51.9253,209469333,"BRA","BR",76,"BRL",NA,"ChIJzyjM68dZnAARYz4p8gYVWik","Brazil","BR",NA,"BRA"
"59d3b85f",2021-08-04,20031402,559719,17771228,55055559,149686814,109977414,44124276,NA,NA,NA,-2,-2,-1,-3,-1,-2,-2,1,2,1,0,4,4,-1,44.84,51.39,49.46,12.5,1,"Brazil",NA,NA,-14.235,-51.9253,209469333,"BRA","BR",76,"BRL",NA,"ChIJzyjM68dZnAARYz4p8gYVWik","Brazil","BR",NA,"BRA"
"59d3b85f",2021-08-05,20070881,560845,18102750,55592668,151423284,111085816,44775211,NA,NA,NA,-2,-2,-1,-3,-1,-2,-2,1,2,1,0,4,4,-1,44.84,51.39,49.46,12.5,1,"Brazil",NA,NA,-14.235,-51.9253,209469333,"BRA","BR",76,"BRL",NA,"ChIJzyjM68dZnAARYz4p8gYVWik","Brazil","BR",NA,"BRA"
"59d3b85f",2021-08-06,20113543,561802,18105601,55592668,153174983,112175453,45462233,NA,NA,NA,-2,-2,-1,-3,-1,-2,-2,1,2,1,0,4,4,-1,44.84,51.39,49.46,12.5,1,"Brazil",NA,NA,-14.235,-51.9253,209469333,"BRA","BR",76,"BRL",NA,"ChIJzyjM68dZnAARYz4p8gYVWik","Brazil","BR",NA,"BRA"
"59d3b85f",2021-08-07,20153073,562801,18110264,55592668,153956589,112658125,45763781,NA,NA,NA,-2,-2,-1,-3,-1,-2,-2,1,2,1,0,4,4,-1,44.84,51.39,49.46,12.5,1,"Brazil",NA,NA,-14.235,-51.9253,209469333,"BRA","BR",76,"BRL",NA,"ChIJzyjM68dZnAARYz4p8gYVWik","Brazil","BR",NA,"BRA"
"59d3b85f",2021-08-08,20166966,563190,18119872,55633393,154303338,112866329,45904578,NA,NA,NA,-2,-2,-1,-3,-1,-2,-2,1,2,1,0,4,4,-1,44.84,51.39,49.46,12.5,1,"Brazil",NA,NA,-14.235,-51.9253,209469333,"BRA","BR",76,"BRL",NA,"ChIJzyjM68dZnAARYz4p8gYVWik","Brazil","BR",NA,"BRA"
"59d3b85f",2021-08-09,20182499,563697,18157841,55633393,155811594,113759148,46535666,NA,NA,NA,-2,-2,-1,-3,-1,-2,-2,1,2,1,0,4,4,-1,44.84,51.39,49.46,12.5,1,"Brazil",NA,NA,-14.235,-51.9253,209469333,"BRA","BR",76,"BRL",NA,"ChIJzyjM68dZnAARYz4p8gYVWik","Brazil","BR",NA,"BRA"
"59d3b85f",2021-08-10,20217958,564965,18514882,55985277,158101476,115238657,47361184,NA,NA,NA,-2,-2,-1,-3,-1,-2,-2,1,2,1,0,4,4,-1,44.84,51.39,49.46,12.5,1,"Brazil",NA,NA,-14.235,-51.9253,209469333,"BRA","BR",76,"BRL",NA,"ChIJzyjM68dZnAARYz4p8gYVWik","Brazil","BR",NA,"BRA"
"59d3b85f",2021-08-11,20253396,566009,18516963,55985277,160139475,116613324,48036094,NA,NA,NA,-2,-2,-1,-3,-1,-2,-2,1,2,1,0,4,4,-1,44.84,51.39,49.46,12.5,1,"Brazil",NA,NA,-14.235,-51.9253,209469333,"BRA","BR",76,"BRL",NA,"ChIJzyjM68dZnAARYz4p8gYVWik","Brazil","BR",NA,"BRA"
"59d3b85f",2021-08-12,20289247,567025,18539696,56023684,162379174,118136137,48775027,NA,NA,NA,-2,-2,-1,-3,-1,-2,-2,1,2,1,0,4,4,-1,44.84,51.39,49.46,12.5,1,"Brazil",NA,NA,-14.235,-51.9253,209469333,"BRA","BR",76,"BRL",NA,"ChIJzyjM68dZnAARYz4p8gYVWik","Brazil","BR",NA,"BRA"
"59d3b85f",2021-08-13,20322238,567917,18562458,56023684,164540395,119536014,49555368,NA,NA,NA,-2,-2,-1,-3,-1,-2,-2,1,2,1,0,4,4,-1,44.84,51.39,49.46,12.5,1,"Brazil",NA,NA,-14.235,-51.9253,209469333,"BRA","BR",76,"BRL",NA,"ChIJzyjM68dZnAARYz4p8gYVWik","Brazil","BR",NA,"BRA"
"59d3b85f",2021-08-14,20351534,568829,18583449,56023684,165932227,120490873,50009834,NA,NA,NA,-2,-2,-1,-3,-1,-2,-2,1,2,1,0,4,4,-1,44.84,51.39,49.46,12.5,1,"Brazil",NA,NA,-14.235,-51.9253,209469333,"BRA","BR",76,"BRL",NA,"ChIJzyjM68dZnAARYz4p8gYVWik","Brazil","BR",NA,"BRA"
"59d3b85f",2021-08-15,20365300,569218,18583449,56023684,166375574,120841189,50108540,NA,NA,NA,-2,-2,-1,-3,-1,-2,-2,1,2,1,0,4,4,-1,44.84,51.39,49.46,12.5,1,"Brazil",NA,NA,-14.235,-51.9253,209469333,"BRA","BR",76,"BRL",NA,"ChIJzyjM68dZnAARYz4p8gYVWik","Brazil","BR",NA,"BRA"
"59d3b85f",2021-08-16,20383475,569628,18620928,56057235,168466929,122004073,51043004,NA,NA,NA,-2,-2,-1,-3,-1,-2,-2,1,2,1,0,4,4,-1,44.84,51.39,49.46,12.5,1,"Brazil",NA,NA,-14.235,-51.9253,209469333,"BRA","BR",76,"BRL",NA,"ChIJzyjM68dZnAARYz4p8gYVWik","Brazil","BR",NA,"BRA"
"59d3b85f",2021-08-17,20422468,570722,18620928,56057235,171446159,123809987,52238398,NA,NA,NA,-2,-2,-1,-3,-1,-2,-2,1,2,1,0,4,4,-1,44.84,51.39,49.46,12.5,1,"Brazil",NA,NA,-14.235,-51.9253,209469333,"BRA","BR",76,"BRL",NA,"ChIJzyjM68dZnAARYz4p8gYVWik","Brazil","BR",NA,"BRA"
"59d3b85f",2021-08-18,20462630,571711,18791874,56580445,173366843,124867990,53107112,NA,NA,NA,-2,-2,-1,-3,-1,-2,-2,1,2,1,0,4,4,-1,44.84,51.39,49.46,12.5,1,"Brazil",NA,NA,-14.235,-51.9253,209469333,"BRA","BR",76,"BRL",NA,"ChIJzyjM68dZnAARYz4p8gYVWik","Brazil","BR",NA,"BRA"
"59d3b85f",2021-08-19,20498638,572733,18807883,56580445,175825836,126285480,54157628,NA,NA,NA,-2,-2,-1,-3,-1,-2,-2,1,2,1,0,4,4,-1,44.84,51.39,49.46,12.5,1,"Brazil",NA,NA,-14.235,-51.9253,209469333,"BRA","BR",76,"BRL",NA,"ChIJzyjM68dZnAARYz4p8gYVWik","Brazil","BR",NA,"BRA"
"59d3b85f",2021-08-20,20532844,573627,18815811,56580445,177824998,127388281,55060414,NA,NA,NA,-2,-2,-1,-3,-1,-2,-2,1,2,1,0,4,4,-1,44.84,51.39,49.46,12.5,1,"Brazil",NA,NA,-14.235,-51.9253,209469333,"BRA","BR",76,"BRL",NA,"ChIJzyjM68dZnAARYz4p8gYVWik","Brazil","BR",NA,"BRA"
"59d3b85f",2021-08-21,20558164,574238,18825310,56617857,178847394,127992900,55485049,NA,NA,NA,-2,-2,-1,-3,-1,-2,-2,1,2,1,0,4,4,-1,44.84,51.39,49.46,12.5,1,"Brazil",NA,NA,-14.235,-51.9253,209469333,"BRA","BR",76,"BRL",NA,"ChIJzyjM68dZnAARYz4p8gYVWik","Brazil","BR",NA,"BRA"
"59d3b85f",2021-08-22,20572108,574571,18837669,56617857,179256305,128258192,55633232,NA,NA,NA,-2,-2,-1,-3,-1,-2,-2,1,2,1,0,4,4,-1,44.84,51.39,49.46,12.5,1,"Brazil",NA,NA,-14.235,-51.9253,209469333,"BRA","BR",76,"BRL",NA,"ChIJzyjM68dZnAARYz4p8gYVWik","Brazil","BR",NA,"BRA"
"59d3b85f",2021-08-23,20587750,574988,18910110,56636459,181213592,129391797,56464681,NA,NA,NA,-2,-2,-1,-3,-1,-2,-2,1,2,1,0,4,4,-1,44.84,51.39,49.46,12.5,1,"Brazil",NA,NA,-14.235,-51.9253,209469333,"BRA","BR",76,"BRL",NA,"ChIJzyjM68dZnAARYz4p8gYVWik","Brazil","BR",NA,"BRA"
"59d3b85f",2021-08-24,20619558,575848,18916057,56636459,183623708,130794189,57479623,NA,NA,NA,-2,-2,-1,-3,-1,-2,-2,1,2,1,0,4,4,-1,44.84,51.39,49.46,12.5,1,"Brazil",NA,NA,-14.235,-51.9253,209469333,"BRA","BR",76,"BRL",NA,"ChIJzyjM68dZnAARYz4p8gYVWik","Brazil","BR",NA,"BRA"
"59d3b85f",2021-08-25,20649518,576735,19021197,56873550,185913910,132099319,58470201,NA,NA,NA,-2,-2,-1,-3,-1,-2,-2,1,2,1,0,4,4,-1,44.84,51.39,49.46,12.5,1,"Brazil",NA,NA,-14.235,-51.9253,209469333,"BRA","BR",76,"BRL",NA,"ChIJzyjM68dZnAARYz4p8gYVWik","Brazil","BR",NA,"BRA"
"59d3b85f",2021-08-26,20680437,577605,19021197,56873550,187590872,132983387,59267637,NA,NA,NA,-2,-2,-1,-3,-1,-2,-2,1,2,1,0,4,4,-1,44.84,51.39,49.46,12.5,1,"Brazil",NA,NA,-14.235,-51.9253,209469333,"BRA","BR",76,"BRL",NA,"ChIJzyjM68dZnAARYz4p8gYVWik","Brazil","BR",NA,"BRA"
"59d3b85f",2021-08-27,20708189,578423,19021197,56873550,189521425,133980401,60215517,NA,NA,NA,-2,-2,-1,-3,-1,-2,-2,1,2,1,0,4,4,-1,44.84,51.39,49.46,12.5,1,"Brazil",NA,NA,-14.235,-51.9253,209469333,"BRA","BR",76,"BRL",NA,"ChIJzyjM68dZnAARYz4p8gYVWik","Brazil","BR",NA,"BRA"
"59d3b85f",2021-08-28,20731133,579050,19021197,56873550,190824920,134636159,60867033,NA,NA,NA,-2,-2,-1,-3,-1,-2,-2,1,2,1,0,4,4,-1,44.84,51.39,49.46,12.5,1,"Brazil",NA,NA,-14.235,-51.9253,209469333,"BRA","BR",76,"BRL",NA,"ChIJzyjM68dZnAARYz4p8gYVWik","Brazil","BR",NA,"BRA"
"59d3b85f",2021-08-29,20742396,579328,19045086,56897224,191412352,134975729,61117738,NA,NA,NA,-2,-2,-1,-3,-1,-2,-2,1,2,1,0,4,4,-1,44.84,51.39,49.46,12.5,1,"Brazil",NA,NA,-14.235,-51.9253,209469333,"BRA","BR",76,"BRL",NA,"ChIJzyjM68dZnAARYz4p8gYVWik","Brazil","BR",NA,"BRA"
"59d3b85f",2021-08-30,20755192,579645,19048665,56897224,193042762,135860468,61859533,NA,NA,NA,-2,-2,-1,-3,-1,-2,-2,1,2,1,0,4,4,-1,44.84,51.39,49.46,12.5,1,"Brazil",NA,NA,-14.235,-51.9253,209469333,"BRA","BR",76,"BRL",NA,"ChIJzyjM68dZnAARYz4p8gYVWik","Brazil","BR",NA,"BRA"
"59d3b85f",2021-08-31,20782029,580525,19076806,56897224,195764973,137257304,63188489,NA,NA,NA,-2,-2,-1,-3,-1,-2,-2,1,2,1,0,4,4,-1,44.84,51.39,49.46,12.5,1,"Brazil",NA,NA,-14.235,-51.9253,209469333,"BRA","BR",76,"BRL",NA,"ChIJzyjM68dZnAARYz4p8gYVWik","Brazil","BR",NA,"BRA"
"59d3b85f",2021-09-01,20807769,581221,19114195,56897224,197792419,138210748,64267670,NA,NA,NA,-2,-2,-2,-2,-1,-2,-2,3,2,3,0,-3,4,0,51.88,59.72,55.71,25,1,"Brazil",NA,NA,-14.235,-51.9253,209469333,"BRA","BR",76,"BRL",NA,"ChIJzyjM68dZnAARYz4p8gYVWik","Brazil","BR",NA,"BRA"
"59d3b85f",2021-09-02,20834790,582003,19138604,56968977,199780367,139031619,65439953,NA,NA,NA,-2,-2,-2,-2,-1,-2,-2,3,2,3,0,-3,4,0,51.88,59.72,55.71,25,1,"Brazil",NA,NA,-14.235,-51.9253,209469333,"BRA","BR",76,"BRL",NA,"ChIJzyjM68dZnAARYz4p8gYVWik","Brazil","BR",NA,"BRA"
"59d3b85f",2021-09-03,20858394,582743,19243454,57095219,201718652,139782576,66634677,NA,NA,NA,-2,-2,-2,-2,-1,-2,-2,3,2,3,0,-3,4,0,51.88,59.72,55.71,25,1,"Brazil",NA,NA,-14.235,-51.9253,209469333,"BRA","BR",76,"BRL",NA,"ChIJzyjM68dZnAARYz4p8gYVWik","Brazil","BR",NA,"BRA"
"59d3b85f",2021-09-04,20878717,583380,19243454,57095219,202770909,140163031,67308385,NA,NA,NA,-2,-2,-2,-2,-1,-2,-2,3,2,3,0,-3,4,0,51.88,59.72,55.71,25,1,"Brazil",NA,NA,-14.235,-51.9253,209469333,"BRA","BR",76,"BRL",NA,"ChIJzyjM68dZnAARYz4p8gYVWik","Brazil","BR",NA,"BRA"
"59d3b85f",2021-09-05,20891376,583651,19246432,57095219,203160546,140331435,67530262,NA,NA,NA,-2,-2,-2,-2,-1,-2,-2,3,2,3,0,-3,4,0,51.88,59.72,55.71,25,1,"Brazil",NA,NA,-14.235,-51.9253,209469333,"BRA","BR",76,"BRL",NA,"ChIJzyjM68dZnAARYz4p8gYVWik","Brazil","BR",NA,"BRA"
"59d3b85f",2021-09-06,20901547,583871,19246432,57095219,204670622,141110224,68246726,NA,NA,NA,-2,-2,-2,-2,-1,-2,-2,3,2,3,0,-3,4,0,51.88,59.72,55.71,25,1,"Brazil",NA,NA,-14.235,-51.9253,209469333,"BRA","BR",76,"BRL",NA,"ChIJzyjM68dZnAARYz4p8gYVWik","Brazil","BR",NA,"BRA"
"59d3b85f",2021-09-07,20915150,584198,19246432,57095219,205195727,141332245,68548523,NA,NA,NA,-2,-2,-2,-2,-1,-2,-2,3,2,3,0,-3,4,0,51.88,59.72,55.71,25,1,"Brazil",NA,NA,-14.235,-51.9253,209469333,"BRA","BR",76,"BRL",NA,"ChIJzyjM68dZnAARYz4p8gYVWik","Brazil","BR",NA,"BRA"
"59d3b85f",2021-09-08,20929331,584447,19295628,57198050,206996397,141943503,69730165,NA,NA,NA,-2,-2,-2,-2,-1,-2,-2,3,2,3,0,-3,4,0,51.88,59.72,55.71,25,1,"Brazil",NA,NA,-14.235,-51.9253,209469333,"BRA","BR",76,"BRL",NA,"ChIJzyjM68dZnAARYz4p8gYVWik","Brazil","BR",NA,"BRA"
"59d3b85f",2021-09-09,20962151,585271,19296570,57198050,209272854,142673470,71264747,NA,NA,NA,-2,-2,-2,-2,-1,-2,-2,3,2,3,0,-3,4,0,51.88,59.72,55.71,25,1,"Brazil",NA,NA,-14.235,-51.9253,209469333,"BRA","BR",76,"BRL",NA,"ChIJzyjM68dZnAARYz4p8gYVWik","Brazil","BR",NA,"BRA"
"59d3b85f",2021-09-10,20978604,585907,19297240,57198050,211709713,143509712,72848477,NA,NA,NA,-2,-2,-2,-2,-1,-2,-2,3,2,3,0,-3,4,0,51.88,59.72,55.71,25,1,"Brazil",NA,NA,-14.235,-51.9253,209469333,"BRA","BR",76,"BRL",NA,"ChIJzyjM68dZnAARYz4p8gYVWik","Brazil","BR",NA,"BRA"
"59d3b85f",2021-09-11,20992362,586575,19430448,57282520,212973055,143919682,73686969,NA,NA,NA,-2,-2,-2,-2,-1,-2,-2,3,2,3,0,-3,4,0,51.88,59.72,55.71,25,1,"Brazil",NA,NA,-14.235,-51.9253,209469333,"BRA","BR",76,"BRL",NA,"ChIJzyjM68dZnAARYz4p8gYVWik","Brazil","BR",NA,"BRA"
"59d3b85f",2021-09-12,21000223,586874,19430746,57282520,213434001,144096526,73973667,NA,NA,NA,-2,-2,-2,-2,-1,-2,-2,3,2,3,0,-3,4,0,51.88,59.72,55.71,25,1,"Brazil",NA,NA,-14.235,-51.9253,209469333,"BRA","BR",76,"BRL",NA,"ChIJzyjM68dZnAARYz4p8gYVWik","Brazil","BR",NA,"BRA"
"59d3b85f",2021-09-13,21008869,587157,19457113,57282520,214931114,144538534,75007708,NA,NA,NA,-2,-2,-2,-2,-1,-2,-2,3,2,3,0,-3,4,0,51.88,59.72,55.71,25,1,"Brazil",NA,NA,-14.235,-51.9253,209469333,"BRA","BR",76,"BRL",NA,"ChIJzyjM68dZnAARYz4p8gYVWik","Brazil","BR",NA,"BRA"
"59d3b85f",2021-09-14,21022438,587835,19469445,57282520,217075201,145187662,76465262,NA,NA,NA,-2,-2,-2,-2,-1,-2,-2,3,2,3,0,-3,4,0,51.88,59.72,55.71,25,1,"Brazil",NA,NA,-14.235,-51.9253,209469333,"BRA","BR",76,"BRL",NA,"ChIJzyjM68dZnAARYz4p8gYVWik","Brazil","BR",NA,"BRA"
"59d3b85f",2021-09-15,21035713,588636,19469445,57282520,218960127,145828944,77642520,NA,NA,NA,-2,-2,-2,-2,-1,-2,-2,3,2,3,0,-3,4,0,51.88,59.72,55.71,25,1,"Brazil",NA,NA,-14.235,-51.9253,209469333,"BRA","BR",76,"BRL",NA,"ChIJzyjM68dZnAARYz4p8gYVWik","Brazil","BR",NA,"BRA"
"59d3b85f",2021-09-16,21071159,589299,19476181,57282520,220441573,146286239,78643394,NA,NA,NA,-2,-2,-2,-2,-1,-2,-2,3,2,3,0,-3,4,0,51.88,59.72,55.71,25,1,"Brazil",NA,NA,-14.235,-51.9253,209469333,"BRA","BR",76,"BRL",NA,"ChIJzyjM68dZnAARYz4p8gYVWik","Brazil","BR",NA,"BRA"
"59d3b85f",2021-09-17,21106492,589937,19511081,57282520,222748456,147025713,80189677,NA,NA,NA,-2,-2,-2,-2,-1,-2,-2,3,2,3,0,-3,4,0,51.88,59.72,55.71,25,1,"Brazil",NA,NA,-14.235,-51.9253,209469333,"BRA","BR",76,"BRL",NA,"ChIJzyjM68dZnAARYz4p8gYVWik","Brazil","BR",NA,"BRA"
"59d3b85f",2021-09-18,21231368,590523,19511081,57282520,223778459,147369830,80866357,NA,NA,NA,-2,-2,-2,-2,-1,-2,-2,3,2,3,0,-3,4,0,51.88,59.72,55.71,25,1,"Brazil",NA,NA,-14.235,-51.9253,209469333,"BRA","BR",76,"BRL",NA,"ChIJzyjM68dZnAARYz4p8gYVWik","Brazil","BR",NA,"BRA"
"59d3b85f",2021-09-19,21240541,590771,19524335,57282520,224176239,147539830,81093691,NA,NA,NA,-2,-2,-2,-2,-1,-2,-2,3,2,3,0,-3,4,0,51.88,59.72,55.71,25,1,"Brazil",NA,NA,-14.235,-51.9253,209469333,"BRA","BR",76,"BRL",NA,"ChIJzyjM68dZnAARYz4p8gYVWik","Brazil","BR",NA,"BRA"
"59d3b85f",2021-09-20,21249824,591036,19524335,57282520,225363593,147895222,81852310,NA,NA,NA,-2,-2,-2,-2,-1,-2,-2,3,2,3,0,-3,4,0,51.88,59.72,55.71,25,1,"Brazil",NA,NA,-14.235,-51.9253,209469333,"BRA","BR",76,"BRL",NA,"ChIJzyjM68dZnAARYz4p8gYVWik","Brazil","BR",NA,"BRA"
"59d3b85f",2021-09-21,21265199,591709,19695242,57303260,227142746,148429278,83050909,NA,NA,NA,-2,-2,-2,-2,-1,-2,-2,3,2,3,0,-3,4,0,51.88,59.72,55.71,25,1,"Brazil",NA,NA,-14.235,-51.9253,209469333,"BRA","BR",76,"BRL",NA,"ChIJzyjM68dZnAARYz4p8gYVWik","Brazil","BR",NA,"BRA"
"59d3b85f",2021-09-22,21297781,592374,19695242,57303260,228848167,148908485,84235198,NA,NA,NA,-2,-2,-2,-2,-1,-2,-2,3,2,3,0,-3,4,0,51.88,59.72,55.71,25,1,"Brazil",NA,NA,-14.235,-51.9253,209469333,"BRA","BR",76,"BRL",NA,"ChIJzyjM68dZnAARYz4p8gYVWik","Brazil","BR",NA,"BRA"
"59d3b85f",2021-09-23,21322692,593003,19933931,57303974,230633117,149439069,85459026,NA,NA,NA,-2,-2,-2,-2,-1,-2,-2,3,2,3,0,-3,4,0,51.88,59.72,55.71,25,1,"Brazil",NA,NA,-14.235,-51.9253,209469333,"BRA","BR",76,"BRL",NA,"ChIJzyjM68dZnAARYz4p8gYVWik","Brazil","BR",NA,"BRA"
"59d3b85f",2021-09-24,21341352,593683,20110498,57303974,232426477,149913458,86717340,NA,NA,NA,-2,-2,-2,-2,-1,-2,-2,3,2,3,0,-3,4,0,51.88,59.72,55.71,25,1,"Brazil",NA,NA,-14.235,-51.9253,209469333,"BRA","BR",76,"BRL",NA,"ChIJzyjM68dZnAARYz4p8gYVWik","Brazil","BR",NA,"BRA"
"59d3b85f",2021-09-25,21355211,594223,20110498,57303974,233496791,150299968,87379073,NA,NA,NA,-2,-2,-2,-2,-1,-2,-2,3,2,3,0,-3,4,0,51.88,59.72,55.71,25,1,"Brazil",NA,NA,-14.235,-51.9253,209469333,"BRA","BR",76,"BRL",NA,"ChIJzyjM68dZnAARYz4p8gYVWik","Brazil","BR",NA,"BRA"
"59d3b85f",2021-09-26,21364067,594489,20117070,57303974,233986711,150473131,87687416,NA,NA,NA,-2,-2,-2,-2,-1,-2,-2,3,2,3,0,-3,4,0,51.88,59.72,55.71,25,1,"Brazil",NA,NA,-14.235,-51.9253,209469333,"BRA","BR",76,"BRL",NA,"ChIJzyjM68dZnAARYz4p8gYVWik","Brazil","BR",NA,"BRA"
"59d3b85f",2021-09-27,21373404,594683,20126015,57303974,235265019,150769147,88400213,NA,NA,NA,-2,-2,-2,-2,-1,-2,-2,3,2,3,0,-3,4,0,51.88,59.72,55.71,25,1,"Brazil",NA,NA,-14.235,-51.9253,209469333,"BRA","BR",76,"BRL",NA,"ChIJzyjM68dZnAARYz4p8gYVWik","Brazil","BR",NA,"BRA"
"59d3b85f",2021-09-28,21390281,595500,20142893,57303974,237094516,151268955,89664522,NA,NA,NA,-2,-2,-2,-2,-1,-2,-2,3,2,3,0,-3,4,0,51.88,59.72,55.71,25,1,"Brazil",NA,NA,-14.235,-51.9253,209469333,"BRA","BR",76,"BRL",NA,"ChIJzyjM68dZnAARYz4p8gYVWik","Brazil","BR",NA,"BRA"
"59d3b85f",2021-09-29,21407164,596181,20144826,57522913,238831853,151762367,90846900,NA,NA,NA,-2,-2,-2,-2,-1,-2,-2,3,2,3,0,-3,4,0,51.88,59.72,55.71,25,1,"Brazil",NA,NA,-14.235,-51.9253,209469333,"BRA","BR",76,"BRL",NA,"ChIJzyjM68dZnAARYz4p8gYVWik","Brazil","BR",NA,"BRA"
"59d3b85f",2021-09-30,21429112,596789,20144826,57522913,240722438,152294091,92043897,NA,NA,NA,-2,-2,-2,-2,-1,-2,-2,3,2,3,0,-3,4,0,51.88,59.72,55.71,25,1,"Brazil",NA,NA,-14.235,-51.9253,209469333,"BRA","BR",76,"BRL",NA,"ChIJzyjM68dZnAARYz4p8gYVWik","Brazil","BR",NA,"BRA"
"59d3b85f",2021-10-01,21447163,597279,20156712,57522913,242672063,152759622,93325293,NA,NA,NA,-2,-2,-2,-2,-1,-2,-2,3,2,3,0,-3,4,0,51.88,59.72,55.71,25,1,"Brazil",NA,NA,-14.235,-51.9253,209469333,"BRA","BR",76,"BRL",NA,"ChIJzyjM68dZnAARYz4p8gYVWik","Brazil","BR",NA,"BRA"
"59d3b85f",2021-10-02,21459549,597733,20229934,57522913,243682890,153016362,93976898,NA,NA,NA,-2,-2,-2,-2,-1,-2,-2,3,2,3,0,-3,4,0,51.88,59.72,55.71,25,1,"Brazil",NA,NA,-14.235,-51.9253,209469333,"BRA","BR",76,"BRL",NA,"ChIJzyjM68dZnAARYz4p8gYVWik","Brazil","BR",NA,"BRA"
"59d3b85f",2021-10-03,21468702,597959,20229934,57522913,244044609,153121215,94195591,NA,NA,NA,-2,-2,-2,-2,-1,-2,-2,3,2,3,0,-3,4,0,51.88,59.72,55.71,25,1,"Brazil",NA,NA,-14.235,-51.9253,209469333,"BRA","BR",76,"BRL",NA,"ChIJzyjM68dZnAARYz4p8gYVWik","Brazil","BR",NA,"BRA"
"59d3b85f",2021-10-04,21480219,598163,20234013,57522913,245131462,153353414,94846357,NA,NA,NA,-2,-2,-2,-2,-1,-2,-2,3,2,3,0,-3,4,0,51.88,59.72,55.71,25,1,"Brazil",NA,NA,-14.235,-51.9253,209469333,"BRA","BR",76,"BRL",NA,"ChIJzyjM68dZnAARYz4p8gYVWik","Brazil","BR",NA,"BRA"
"59d3b85f",2021-10-05,21502356,598847,20286951,57522913,246442833,153731932,95616785,NA,NA,NA,-2,-2,-2,-2,-1,-2,-2,3,2,3,0,-3,4,0,51.88,59.72,55.71,25,1,"Brazil",NA,NA,-14.235,-51.9253,209469333,"BRA","BR",76,"BRL",NA,"ChIJzyjM68dZnAARYz4p8gYVWik","Brazil","BR",NA,"BRA"
"59d3b85f",2021-10-06,21520899,599417,20300073,57522913,248216567,154106153,96713292,NA,NA,NA,-2,-2,-2,-2,-1,-2,-2,3,2,3,0,-3,4,0,51.88,59.72,55.71,25,1,"Brazil",NA,NA,-14.235,-51.9253,209469333,"BRA","BR",76,"BRL",NA,"ChIJzyjM68dZnAARYz4p8gYVWik","Brazil","BR",NA,"BRA"
"59d3b85f",2021-10-07,21535509,599844,20404163,57522913,249979366,154486023,97752088,NA,NA,NA,-2,-2,-2,-2,-1,-2,-2,3,2,3,0,-3,4,0,51.88,59.72,55.71,25,1,"Brazil",NA,NA,-14.235,-51.9253,209469333,"BRA","BR",76,"BRL",NA,"ChIJzyjM68dZnAARYz4p8gYVWik","Brazil","BR",NA,"BRA"
"59d3b85f",2021-10-08,21554040,600474,20413341,57522913,251683870,154792382,98840218,NA,NA,NA,-2,-2,-2,-2,-1,-2,-2,3,2,3,0,-3,4,0,51.88,59.72,55.71,25,1,"Brazil",NA,NA,-14.235,-51.9253,209469333,"BRA","BR",76,"BRL",NA,"ChIJzyjM68dZnAARYz4p8gYVWik","Brazil","BR",NA,"BRA"
"59d3b85f",2021-10-09,21568843,600890,20431714,57522913,252670309,154958405,99431917,NA,NA,NA,-2,-2,-2,-2,-1,-2,-2,3,2,3,0,-3,4,0,51.88,59.72,55.71,25,1,"Brazil",NA,NA,-14.235,-51.9253,209469333,"BRA","BR",76,"BRL",NA,"ChIJzyjM68dZnAARYz4p8gYVWik","Brazil","BR",NA,"BRA"
"59d3b85f",2021-10-10,21577255,601041,20435245,57522913,253277160,155065364,99867596,NA,NA,NA,-2,-2,-2,-2,-1,-2,-2,3,2,3,0,-3,4,0,51.88,59.72,55.71,25,1,"Brazil",NA,NA,-14.235,-51.9253,209469333,"BRA","BR",76,"BRL",NA,"ChIJzyjM68dZnAARYz4p8gYVWik","Brazil","BR",NA,"BRA"
"59d3b85f",2021-10-11,21584247,601248,20435245,57522913,254290511,155352334,100429668,NA,NA,NA,-2,-2,-2,-2,-1,-2,-2,3,2,3,0,-3,4,0,51.88,59.72,55.71,25,1,"Brazil",NA,NA,-14.235,-51.9253,209469333,"BRA","BR",76,"BRL",NA,"ChIJzyjM68dZnAARYz4p8gYVWik","Brazil","BR",NA,"BRA"
"59d3b85f",2021-10-12,21591602,601423,20444836,64511151,254672182,155463335,100657726,NA,NA,NA,-2,-2,-2,-2,-1,-2,-2,3,2,3,0,-3,4,0,51.88,59.72,55.71,25,1,"Brazil",NA,NA,-14.235,-51.9253,209469333,"BRA","BR",76,"BRL",NA,"ChIJzyjM68dZnAARYz4p8gYVWik","Brazil","BR",NA,"BRA"
"59d3b85f",2021-10-13,21599969,601628,20462980,64511151,255565548,155564673,101214273,NA,NA,NA,-2,-2,-2,-2,-1,-2,-2,3,2,3,0,-3,4,0,51.88,59.72,55.71,25,1,"Brazil",NA,NA,-14.235,-51.9253,209469333,"BRA","BR",76,"BRL",NA,"ChIJzyjM68dZnAARYz4p8gYVWik","Brazil","BR",NA,"BRA"
"59d3b85f",2021-10-14,21615193,602199,20512698,64552183,257880923,156287475,102608399,NA,NA,NA,-2,-2,-2,-2,-1,-2,-2,3,2,3,0,-3,4,0,51.88,59.72,55.71,25,1,"Brazil",NA,NA,-14.235,-51.9253,209469333,"BRA","BR",76,"BRL",NA,"ChIJzyjM68dZnAARYz4p8gYVWik","Brazil","BR",NA,"BRA"
"59d3b85f",2021-10-15,21629483,602706,20514830,64552183,259987743,156771922,103885589,NA,NA,NA,-2,-2,-2,-2,-1,-2,-2,3,2,3,0,-3,4,0,51.88,59.72,55.71,25,1,"Brazil",NA,NA,-14.235,-51.9253,209469333,"BRA","BR",76,"BRL",NA,"ChIJzyjM68dZnAARYz4p8gYVWik","Brazil","BR",NA,"BRA"
"59d3b85f",2021-10-16,21639242,603171,20515652,64552183,261255751,157062936,104646432,NA,NA,NA,-2,-2,-2,-2,-1,-2,-2,3,2,3,0,-3,4,0,51.88,59.72,55.71,25,1,"Brazil",NA,NA,-14.235,-51.9253,209469333,"BRA","BR",76,"BRL",NA,"ChIJzyjM68dZnAARYz4p8gYVWik","Brazil","BR",NA,"BRA"
"59d3b85f",2021-10-17,21645427,603299,20515652,64552183,261758762,157166697,104945474,NA,NA,NA,-2,-2,-2,-2,-1,-2,-2,3,2,3,0,-3,4,0,51.88,59.72,55.71,25,1,"Brazil",NA,NA,-14.235,-51.9253,209469333,"BRA","BR",76,"BRL",NA,"ChIJzyjM68dZnAARYz4p8gYVWik","Brazil","BR",NA,"BRA"
"59d3b85f",2021-10-18,21654743,603501,20515652,64552183,262730193,157288615,105435267,NA,NA,NA,-2,-2,-2,-2,-1,-1,-2,1,2,3,0,-3,4,0,46.67,50.46,49.76,25,1,"Brazil",NA,NA,-14.235,-51.9253,209469333,"BRA","BR",76,"BRL",NA,"ChIJzyjM68dZnAARYz4p8gYVWik","Brazil","BR",NA,"BRA"
"59d3b85f",2021-10-19,21667970,603880,20515652,64552183,264464925,157616676,106560097,NA,NA,NA,-2,-2,-2,-2,-1,-1,-2,1,2,3,0,-3,4,0,46.67,50.46,49.76,25,1,"Brazil",NA,NA,-14.235,-51.9253,209469333,"BRA","BR",76,"BRL",NA,"ChIJzyjM68dZnAARYz4p8gYVWik","Brazil","BR",NA,"BRA"
"59d3b85f",2021-10-20,21683675,604278,20515652,64552183,266503096,158043528,107782226,NA,NA,NA,-2,-2,-2,-2,-1,-1,-2,1,2,3,0,-3,4,0,46.67,50.46,49.76,25,1,"Brazil",NA,NA,-14.235,-51.9253,209469333,"BRA","BR",76,"BRL",NA,"ChIJzyjM68dZnAARYz4p8gYVWik","Brazil","BR",NA,"BRA"
"59d3b85f",2021-10-21,21700658,604744,20517502,64552183,267507232,158192200,108394502,NA,NA,NA,-2,-2,-2,-2,-1,-1,-2,1,2,3,0,-3,4,0,46.67,50.46,49.76,25,1,"Brazil",NA,NA,-14.235,-51.9253,209469333,"BRA","BR",76,"BRL",NA,"ChIJzyjM68dZnAARYz4p8gYVWik","Brazil","BR",NA,"BRA"
"59d3b85f",2021-10-22,21714053,605191,20575135,64552183,268838308,158384989,109188403,NA,NA,NA,-2,-2,-2,-2,-1,-1,-2,1,2,3,0,-3,4,0,46.67,50.46,49.76,25,1,"Brazil",NA,NA,-14.235,-51.9253,209469333,"BRA","BR",76,"BRL",NA,"ChIJzyjM68dZnAARYz4p8gYVWik","Brazil","BR",NA,"BRA"
"59d3b85f",2021-10-23,21725958,605541,20575135,64552183,269498223,158511990,109609423,NA,NA,NA,-2,-2,-2,-2,-1,-1,-2,1,2,3,0,-3,4,0,46.67,50.46,49.76,25,1,"Brazil",NA,NA,-14.235,-51.9253,209469333,"BRA","BR",76,"BRL",NA,"ChIJzyjM68dZnAARYz4p8gYVWik","Brazil","BR",NA,"BRA"
"59d3b85f",2021-10-24,21730494,605660,20575135,64552183,270289062,158685639,110123840,NA,NA,NA,-2,-2,-2,-2,-1,-1,-2,1,2,3,0,-3,4,0,46.67,50.46,49.76,25,1,"Brazil",NA,NA,-14.235,-51.9253,209469333,"BRA","BR",76,"BRL",NA,"ChIJzyjM68dZnAARYz4p8gYVWik","Brazil","BR",NA,"BRA"
"59d3b85f",2021-10-25,21738319,605867,20575135,64552183,272708484,158967004,111739760,NA,NA,NA,-2,-2,-2,-2,-1,-1,-2,1,2,3,0,-3,4,0,46.67,50.46,49.76,25,1,"Brazil",NA,NA,-14.235,-51.9253,209469333,"BRA","BR",76,"BRL",NA,"ChIJzyjM68dZnAARYz4p8gYVWik","Brazil","BR",NA,"BRA"
"59d3b85f",2021-10-26,21751662,606270,20582469,64552183,274584462,159311421,112783223,NA,NA,NA,-2,-2,-2,-2,-1,-1,-2,1,2,3,0,-3,4,0,46.67,50.46,49.76,25,1,"Brazil",NA,NA,-14.235,-51.9253,209469333,"BRA","BR",76,"BRL",NA,"ChIJzyjM68dZnAARYz4p8gYVWik","Brazil","BR",NA,"BRA"
"59d3b85f",2021-10-27,21768778,606705,20604992,64552183,276318609,159578979,113864948,NA,NA,NA,-2,-2,-2,-2,-1,-1,-2,1,2,3,0,-3,4,0,46.67,50.46,49.76,25,1,"Brazil",NA,NA,-14.235,-51.9253,209469333,"BRA","BR",76,"BRL",NA,"ChIJzyjM68dZnAARYz4p8gYVWik","Brazil","BR",NA,"BRA"
"59d3b85f",2021-10-28,21782463,607078,20604992,64552183,277946924,159850541,114843220,NA,NA,NA,-2,-2,-2,-2,-1,-1,-2,1,2,3,0,-3,4,0,46.67,50.46,49.76,25,1,"Brazil",NA,NA,-14.235,-51.9253,209469333,"BRA","BR",76,"BRL",NA,"ChIJzyjM68dZnAARYz4p8gYVWik","Brazil","BR",NA,"BRA"
"59d3b85f",2021-10-29,21795142,607486,20720214,64750853,279552461,160084342,115781774,NA,NA,NA,-2,-2,-2,-2,-1,-1,-2,1,2,3,0,-3,4,0,46.67,50.46,49.76,25,1,"Brazil",NA,NA,-14.235,-51.9253,209469333,"BRA","BR",76,"BRL",NA,"ChIJzyjM68dZnAARYz4p8gYVWik","Brazil","BR",NA,"BRA"
"59d3b85f",2021-10-30,21805154,607702,20720360,64750853,280116650,160187919,116109020,NA,NA,NA,-2,-2,-2,-2,-1,-1,-2,1,2,3,0,-3,4,0,46.67,50.46,49.76,25,1,"Brazil",NA,NA,-14.235,-51.9253,209469333,"BRA","BR",76,"BRL",NA,"ChIJzyjM68dZnAARYz4p8gYVWik","Brazil","BR",NA,"BRA"
"59d3b85f",2021-10-31,21811284,607835,20720360,64750853,280508289,160257158,116321657,NA,NA,NA,-2,-2,-2,-2,-1,-1,-2,1,2,3,0,-3,4,0,46.67,50.46,49.76,25,1,"Brazil",NA,NA,-14.235,-51.9253,209469333,"BRA","BR",76,"BRL",NA,"ChIJzyjM68dZnAARYz4p8gYVWik","Brazil","BR",NA,"BRA"
"59d3b85f",2021-11-01,21815909,607938,20723210,64750853,280797944,160299097,116491115,NA,NA,NA,-2,-2,-2,-2,-1,-1,-2,1,2,3,0,-3,4,0,43.54,50.46,49.76,0,1,"Brazil",NA,NA,-14.235,-51.9253,209469333,"BRA","BR",76,"BRL",NA,"ChIJzyjM68dZnAARYz4p8gYVWik","Brazil","BR",NA,"BRA"
"59d3b85f",2021-11-02,21821827,608090,20740939,64750853,281025294,160335431,116602828,NA,NA,NA,-2,-2,-2,-2,-1,-1,-2,1,2,3,0,-3,4,0,43.54,50.46,49.76,0,1,"Brazil",NA,NA,-14.235,-51.9253,209469333,"BRA","BR",76,"BRL",NA,"ChIJzyjM68dZnAARYz4p8gYVWik","Brazil","BR",NA,"BRA"
"59d3b85f",2021-11-03,21838127,608280,20741445,64750853,282079815,160456097,117236181,NA,NA,NA,-2,-2,-2,-2,-1,-1,-2,1,2,3,0,-3,4,0,43.54,50.46,49.76,0,1,"Brazil",NA,NA,-14.235,-51.9253,209469333,"BRA","BR",76,"BRL",NA,"ChIJzyjM68dZnAARYz4p8gYVWik","Brazil","BR",NA,"BRA"
"59d3b85f",2021-11-04,21851373,608714,20741445,64750853,283541714,160718532,118171811,NA,NA,NA,-2,-2,-2,-2,-1,-1,-2,1,2,3,0,-3,4,0,43.54,50.46,49.76,0,1,"Brazil",NA,NA,-14.235,-51.9253,209469333,"BRA","BR",76,"BRL",NA,"ChIJzyjM68dZnAARYz4p8gYVWik","Brazil","BR",NA,"BRA"
"59d3b85f",2021-11-05,21864364,609096,20743121,64750853,285543355,160996544,119468895,NA,NA,NA,-2,-2,-2,-2,-1,-1,-2,1,2,3,0,-3,4,0,43.54,50.46,49.76,0,1,"Brazil",NA,NA,-14.235,-51.9253,209469333,"BRA","BR",76,"BRL",NA,"ChIJzyjM68dZnAARYz4p8gYVWik","Brazil","BR",NA,"BRA"
"59d3b85f",2021-11-06,21875537,609399,20743121,64750853,286242929,161086897,119888464,NA,NA,NA,-2,-2,-2,-2,-1,-1,-2,1,2,3,0,-3,4,0,43.54,50.46,49.76,0,1,"Brazil",NA,NA,-14.235,-51.9253,209469333,"BRA","BR",76,"BRL",NA,"ChIJzyjM68dZnAARYz4p8gYVWik","Brazil","BR",NA,"BRA"
"59d3b85f",2021-11-07,21881198,609469,20743121,64750853,286765974,161363890,120106183,NA,NA,NA,-2,-2,-2,-2,-1,-1,-2,1,2,3,0,-3,4,0,43.54,50.46,49.76,0,1,"Brazil",NA,NA,-14.235,-51.9253,209469333,"BRA","BR",76,"BRL",NA,"ChIJzyjM68dZnAARYz4p8gYVWik","Brazil","BR",NA,"BRA"
"59d3b85f",2021-11-08,21888073,609589,20747506,64755932,288324665,161599429,121053471,NA,NA,NA,-2,-2,-2,-2,-1,-1,-2,1,2,3,0,-3,4,0,43.54,50.46,49.76,0,1,"Brazil",NA,NA,-14.235,-51.9253,209469333,"BRA","BR",76,"BRL",NA,"ChIJzyjM68dZnAARYz4p8gYVWik","Brazil","BR",NA,"BRA"
"59d3b85f",2021-11-09,21899882,609797,20747506,64755932,289764011,161828009,121931480,NA,NA,NA,-2,-2,-2,-2,-1,-1,-2,1,2,3,0,-3,4,0,43.54,50.46,49.76,0,1,"Brazil",NA,NA,-14.235,-51.9253,209469333,"BRA","BR",76,"BRL",NA,"ChIJzyjM68dZnAARYz4p8gYVWik","Brazil","BR",NA,"BRA"
"59d3b85f",2021-11-10,21914862,610065,20747506,64755932,291233418,162056963,122830526,NA,NA,NA,-2,-2,-2,-2,-1,-1,-2,1,2,3,0,-3,4,0,43.54,50.46,49.76,0,1,"Brazil",NA,NA,-14.235,-51.9253,209469333,"BRA","BR",76,"BRL",NA,"ChIJzyjM68dZnAARYz4p8gYVWik","Brazil","BR",NA,"BRA"
"59d3b85f",2021-11-11,21930400,610305,20747506,64755932,292816657,162331998,123790829,NA,NA,NA,-2,-2,-2,-2,-1,-1,-2,1,2,3,0,-3,4,0,43.54,50.46,49.76,0,1,"Brazil",NA,NA,-14.235,-51.9253,209469333,"BRA","BR",76,"BRL",NA,"ChIJzyjM68dZnAARYz4p8gYVWik","Brazil","BR",NA,"BRA"
"59d3b85f",2021-11-12,21944996,610926,20747506,64755932,294023397,162376991,124595625,NA,NA,NA,-2,-2,-2,-2,-1,-1,-2,1,2,3,0,-3,4,0,43.54,50.46,49.76,0,1,"Brazil",NA,NA,-14.235,-51.9253,209469333,"BRA","BR",76,"BRL",NA,"ChIJzyjM68dZnAARYz4p8gYVWik","Brazil","BR",NA,"BRA"
"59d3b85f",2021-11-13,21954354,611233,20747506,64755932,294689885,162445421,125039229,NA,NA,NA,-2,-2,-2,-2,-1,-1,-2,1,2,3,0,-3,4,0,43.54,50.46,49.76,0,1,"Brazil",NA,NA,-14.235,-51.9253,209469333,"BRA","BR",76,"BRL",NA,"ChIJzyjM68dZnAARYz4p8gYVWik","Brazil","BR",NA,"BRA"
"59d3b85f",2021-11-14,21958655,611298,20747506,64755932,295075586,162538021,125279287,NA,NA,NA,-2,-2,-2,-2,-1,-1,-2,1,2,3,0,-3,4,0,43.54,50.46,49.76,0,1,"Brazil",NA,NA,-14.235,-51.9253,209469333,"BRA","BR",76,"BRL",NA,"ChIJzyjM68dZnAARYz4p8gYVWik","Brazil","BR",NA,"BRA"
"59d3b85f",2021-11-15,21961398,611368,20748960,64755932,295656896,162601431,125618230,NA,NA,NA,-2,-2,-2,-2,-1,-1,-2,1,2,3,0,-3,4,0,43.54,50.46,49.76,0,1,"Brazil",NA,NA,-14.235,-51.9253,209469333,"BRA","BR",76,"BRL",NA,"ChIJzyjM68dZnAARYz4p8gYVWik","Brazil","BR",NA,"BRA"
"59d3b85f",2021-11-16,21967962,611510,20803039,64755932,296340017,162653662,126055461,NA,NA,NA,-2,-2,-2,-2,-1,-1,-2,1,2,3,0,3,5,0,45.57,50.46,52.08,0,1,"Brazil",NA,NA,-14.235,-51.9253,209469333,"BRA","BR",76,"BRL",NA,"ChIJzyjM68dZnAARYz4p8gYVWik","Brazil","BR",NA,"BRA"
"59d3b85f",2021-11-17,21981074,611887,20803039,64755932,297960337,162880590,127091864,NA,NA,NA,-2,-2,-2,-2,-1,-1,-2,1,2,3,0,3,5,0,45.57,50.46,52.08,0,1,"Brazil",NA,NA,-14.235,-51.9253,209469333,"BRA","BR",76,"BRL",NA,"ChIJzyjM68dZnAARYz4p8gYVWik","Brazil","BR",NA,"BRA"
"59d3b85f",2021-11-18,21992475,612159,20815777,64755932,299151038,163019205,127761925,NA,NA,NA,-2,-2,-2,-2,-1,-1,-2,1,2,3,0,3,5,0,45.57,50.46,52.08,0,1,"Brazil",NA,NA,-14.235,-51.9253,209469333,"BRA","BR",76,"BRL",NA,"ChIJzyjM68dZnAARYz4p8gYVWik","Brazil","BR",NA,"BRA"
"59d3b85f",2021-11-19,22004846,612395,20815965,64755932,300425063,163172972,128491167,NA,NA,NA,-2,-2,-2,-2,-1,-1,-2,1,2,3,0,3,5,0,45.57,50.46,52.08,0,1,"Brazil",NA,NA,-14.235,-51.9253,209469333,"BRA","BR",76,"BRL",NA,"ChIJzyjM68dZnAARYz4p8gYVWik","Brazil","BR",NA,"BRA"
"59d3b85f",2021-11-20,22013062,612603,20815965,64755932,301260665,163305443,128963080,NA,NA,NA,-2,-2,-2,-2,-1,-1,-2,1,2,3,0,3,5,0,45.57,50.46,52.08,0,1,"Brazil",NA,NA,-14.235,-51.9253,209469333,"BRA","BR",76,"BRL",NA,"ChIJzyjM68dZnAARYz4p8gYVWik","Brazil","BR",NA,"BRA"
"59d3b85f",2021-11-21,22018150,612699,20822375,64755932,301867036,163428294,129310070,NA,NA,NA,-2,-2,-2,-2,-1,-1,-2,1,2,3,0,3,5,0,45.57,50.46,52.08,0,1,"Brazil",NA,NA,-14.235,-51.9253,209469333,"BRA","BR",76,"BRL",NA,"ChIJzyjM68dZnAARYz4p8gYVWik","Brazil","BR",NA,"BRA"
"59d3b85f",2021-11-22,22022759,612825,20827596,65182444,303012225,163569928,129937730,NA,NA,NA,-2,-2,-2,-2,-1,-1,-2,1,2,3,0,3,5,0,45.57,50.46,52.08,0,1,"Brazil",NA,NA,-14.235,-51.9253,209469333,"BRA","BR",76,"BRL",NA,"ChIJzyjM68dZnAARYz4p8gYVWik","Brazil","BR",NA,"BRA"
